household_id,survey_id,enumerator_id,village_id,district,age,gender,education,occupation,employment_status,income,hours_worked,household_size,interview_duration,survey_date
HH1001,S10001,,V1002,District A,41,M,Secondary,Farming,Employed,18933,40,4,45,2024-05-10
HH1002,S10002,,V1003,District A,45,M,Secondary,Farming,Employed,20530,34,4,45,2024-05-10
HH1003,S10003,,V1004,District A,28,M,Secondary,Farming,Employed,22726,32,4,45,2024-05-10
HH1004,S10004,,V1005,District A,26,M,Secondary,Farming,Employed,14379,37,4,45,2024-05-10
HH1005,S10005,,V1006,District A,55,M,Secondary,Farming,Employed,12489,49,4,45,2024-05-10
HH1006,S10006,,V1007,District A,32,M,Secondary,Farming,Employed,27472,32,4,45,2024-05-10
HH1007,S10007,,V1008,District A,56,M,Secondary,Farming,Employed,24665,44,4,45,2024-05-10
HH1008,S10008,,V1009,District A,58,M,Secondary,Farming,Employed,15625,49,4,45,2024-05-10
HH1009,S10009,,V1010,District A,21,M,Secondary,Farming,Employed,17389,39,4,45,2024-05-10
HH1010,S10010,,V1001,District A,57,M,Secondary,Farming,Employed,27963,49,4,45,2024-05-10
HH1011,S10011,,V1002,District A,35,M,Secondary,Farming,Employed,20054,37,4,45,2024-05-10
HH1012,S10012,,V1003,District A,55,M,Secondary,Farming,Employed,26675,35,4,45,2024-05-10
HH1013,S10013,,V1004,District A,31,M,Secondary,Farming,Employed,16479,32,4,45,2024-05-10
HH1014,S10014,,V1005,District A,26,M,Secondary,Farming,Employed,13204,40,4,45,2024-05-10
HH1015,S10015,,V1006,District A,52,M,Secondary,Farming,Employed,29226,43,4,45,2024-05-10
HH1016,S10016,,V1007,District A,52,M,Secondary,Farming,Employed,15910,41,4,45,2024-05-10
HH1017,S10017,,V1008,District A,52,M,Secondary,Farming,Employed,29787,32,4,45,2024-05-10
HH1018,S10018,,V1009,District A,29,M,Secondary,Farming,Employed,14542,35,4,45,2024-05-10
HH1019,S10019,,V1010,District A,19,M,Secondary,Farming,Employed,27398,34,4,45,2024-05-10
HH1020,S10020,,V1001,District A,49,M,Secondary,Farming,Employed,15901,30,4,45,2024-05-10
HH1021,S10021,,V1002,District A,46,M,Secondary,Farming,Employed,26074,46,4,45,2024-05-10
HH1022,S10022,,V1003,District A,25,M,Secondary,Farming,Employed,22317,42,4,45,2024-05-10
HH1023,S10023,,V1004,District A,28,M,Secondary,Farming,Employed,29672,41,4,45,2024-05-10
HH1024,S10024,,V1005,District A,22,M,Secondary,Farming,Employed,15980,36,4,45,2024-05-10
HH1025,S10025,,V1006,District A,36,M,Secondary,Farming,Employed,16108,32,4,45,2024-05-10
HH1026,S10026,,V1007,District A,23,M,Secondary,Farming,Employed,24616,40,4,45,2024-05-10
HH1027,S10027,,V1008,District A,44,M,Secondary,Farming,Employed,22088,44,4,45,2024-05-10
HH1028,S10028,,V1009,District A,28,M,Secondary,Farming,Employed,27594,46,4,45,2024-05-10
HH1029,S10029,,V1010,District A,38,M,Secondary,Farming,Employed,12472,32,4,45,2024-05-10
HH1030,S10030,,V1001,District A,23,M,Secondary,Farming,Employed,20105,46,4,45,2024-05-10
HH1031,S10031,,V1002,District A,32,M,Secondary,Farming,Employed,16352,44,4,45,2024-05-10
HH1032,S10032,,V1003,District A,19,M,Secondary,Farming,Employed,10882,46,4,45,2024-05-10
HH1033,S10033,,V1004,District A,39,M,Secondary,Farming,Employed,13191,40,4,45,2024-05-10
HH1034,S10034,,V1005,District A,59,M,Secondary,Farming,Employed,26928,46,4,45,2024-05-10
HH1035,S10035,,V1006,District A,27,M,Secondary,Farming,Employed,10940,33,4,45,2024-05-10
HH1036,S10036,,V1007,District A,56,M,Secondary,Farming,Employed,26068,38,4,45,2024-05-10
HH1037,S10037,,V1008,District A,54,M,Secondary,Farming,Employed,10109,35,4,45,2024-05-10
HH1038,S10038,,V1009,District A,27,M,Secondary,Farming,Employed,10117,30,4,45,2024-05-10
HH1039,S10039,,V1010,District A,58,M,Secondary,Farming,Employed,21224,44,4,45,2024-05-10
HH1040,S10040,,V1001,District A,25,M,Secondary,Farming,Employed,28236,45,4,45,2024-05-10
HH1041,S10041,,V1002,District A,23,M,Secondary,Farming,Employed,29647,44,4,45,2024-05-10
HH1042,S10042,,V1003,District A,53,M,Secondary,Farming,Employed,25487,34,4,45,2024-05-10
HH1043,S10043,,V1004,District A,59,M,Secondary,Farming,Employed,21463,40,4,45,2024-05-10
HH1044,S10044,,V1005,District A,47,M,Secondary,Farming,Employed,21553,43,4,45,2024-05-10
HH1045,S10045,,V1006,District A,54,M,Secondary,Farming,Employed,22015,30,4,45,2024-05-10
HH1046,S10046,,V1007,District A,49,M,Secondary,Farming,Employed,11750,45,4,45,2024-05-10
HH1047,S10047,,V1008,District A,52,M,Secondary,Farming,Employed,29024,47,4,45,2024-05-10
HH1048,S10048,,V1009,District A,56,M,Secondary,Farming,Employed,13437,38,4,45,2024-05-10
HH1049,S10049,,V1010,District A,39,M,Secondary,Farming,Employed,20752,46,4,45,2024-05-10
HH1050,S10050,,V1001,District A,34,M,Secondary,Farming,Employed,29962,49,4,45,2024-05-10
HH1051,S10051,,V1002,District A,31,M,Secondary,Farming,Employed,29522,36,4,45,2024-05-10
HH1052,S10052,,V1003,District A,47,M,Secondary,Farming,Employed,20547,33,4,45,2024-05-10
HH1053,S10053,,V1004,District A,49,M,Secondary,Farming,Employed,26966,46,4,45,2024-05-10
HH1054,S10054,,V1005,District A,45,M,Secondary,Farming,Employed,28105,46,4,45,2024-05-10
HH1055,S10055,,V1006,District A,33,M,Secondary,Farming,Employed,23298,34,4,45,2024-05-10
HH1056,S10056,,V1007,District A,26,M,Secondary,Farming,Employed,25806,47,4,45,2024-05-10
HH1057,S10057,,V1008,District A,57,M,Secondary,Farming,Employed,14554,30,4,45,2024-05-10
HH1058,S10058,,V1009,District A,42,M,Secondary,Farming,Employed,15555,32,4,45,2024-05-10
HH1059,S10059,,V1010,District A,37,M,Secondary,Farming,Employed,19734,36,4,45,2024-05-10
HH1060,S10060,,V1001,District A,38,M,Secondary,Farming,Employed,20856,40,4,45,2024-05-10
HH1061,S10061,,V1002,District A,21,M,Secondary,Farming,Employed,11818,48,4,45,2024-05-10
HH1062,S10062,,V1003,District A,45,M,Secondary,Farming,Employed,14463,33,4,45,2024-05-10
HH1063,S10063,,V1004,District A,24,M,Secondary,Farming,Employed,16424,34,4,45,2024-05-10
HH1064,S10064,,V1005,District A,30,M,Secondary,Farming,Employed,14575,45,4,45,2024-05-10
HH1065,S10065,,V1006,District A,44,M,Secondary,Farming,Employed,26638,45,4,45,2024-05-10
HH1066,S10066,,V1007,District A,32,M,Secondary,Farming,Employed,14416,30,4,45,2024-05-10
HH1067,S10067,,V1008,District A,50,M,Secondary,Farming,Employed,18980,41,4,45,2024-05-10
HH1068,S10068,,V1009,District A,58,M,Secondary,Farming,Employed,13669,34,4,45,2024-05-10
HH1069,S10069,,V1010,District A,26,M,Secondary,Farming,Employed,25475,35,4,45,2024-05-10
HH1070,S10070,,V1001,District A,49,M,Secondary,Farming,Employed,17514,30,4,45,2024-05-10
HH1071,S10071,,V1002,District A,50,M,Secondary,Farming,Employed,11898,37,4,45,2024-05-10
HH1072,S10072,,V1003,District A,42,M,Secondary,Farming,Employed,17953,49,4,45,2024-05-10
HH1073,S10073,,V1004,District A,41,M,Secondary,Farming,Employed,22707,44,4,45,2024-05-10
HH1074,S10074,,V1005,District A,53,M,Secondary,Farming,Employed,28306,40,4,45,2024-05-10
HH1075,S10075,,V1006,District A,19,M,Secondary,Farming,Employed,23834,41,4,45,2024-05-10
HH1076,S10076,,V1007,District A,34,M,Secondary,Farming,Employed,13566,30,4,45,2024-05-10
HH1077,S10077,,V1008,District A,42,M,Secondary,Farming,Employed,11135,42,4,45,2024-05-10
HH1078,S10078,,V1009,District A,19,M,Secondary,Farming,Employed,14268,48,4,45,2024-05-10
HH1079,S10079,,V1010,District A,46,M,Secondary,Farming,Employed,24063,33,4,45,2024-05-10
HH1080,S10080,,V1001,District A,20,M,Secondary,Farming,Employed,29311,48,4,45,2024-05-10
HH1081,S10081,,V1002,District A,56,M,Secondary,Farming,Employed,11872,38,4,45,2024-05-10
HH1082,S10082,,V1003,District A,50,M,Secondary,Farming,Employed,20894,48,4,45,2024-05-10
HH1083,S10083,,V1004,District A,43,M,Secondary,Farming,Employed,14012,32,4,45,2024-05-10
HH1084,S10084,,V1005,District A,49,M,Secondary,Farming,Employed,26560,35,4,45,2024-05-10
HH1085,S10085,,V1006,District A,19,M,Secondary,Farming,Employed,29742,39,4,45,2024-05-10
HH1086,S10086,,V1007,District A,19,M,Secondary,Farming,Employed,14081,49,4,45,2024-05-10
HH1087,S10087,,V1008,District A,27,M,Secondary,Farming,Employed,25379,49,4,45,2024-05-10
HH1088,S10088,,V1009,District A,30,M,Secondary,Farming,Employed,27032,48,4,45,2024-05-10
HH1089,S10089,,V1010,District A,21,M,Secondary,Farming,Employed,17420,46,4,45,2024-05-10
HH1090,S10090,,V1001,District A,20,M,Secondary,Farming,Employed,28884,35,4,45,2024-05-10
HH1091,S10091,,V1002,District A,58,M,Secondary,Farming,Employed,25679,37,4,45,2024-05-10
HH1092,S10092,,V1003,District A,56,M,Secondary,Farming,Employed,10078,40,4,45,2024-05-10
HH1093,S10093,,V1004,District A,59,M,Secondary,Farming,Employed,16352,31,4,45,2024-05-10
HH1094,S10094,,V1005,District A,42,M,Secondary,Farming,Employed,16373,30,4,45,2024-05-10
HH1095,S10095,,V1006,District A,39,M,Secondary,Farming,Employed,24716,31,4,45,2024-05-10
HH1096,S10096,,V1007,District A,51,M,Secondary,Farming,Employed,27949,44,4,45,2024-05-10
HH1097,S10097,,V1008,District A,57,M,Secondary,Farming,Employed,24465,47,4,45,2024-05-10
HH1098,S10098,,V1009,District A,50,M,Secondary,Farming,Employed,12215,42,4,45,2024-05-10
HH1099,S10099,,V1010,District A,55,M,Secondary,Farming,Employed,14288,33,4,45,2024-05-10
HH1100,S10100,,V1001,District A,50,M,Secondary,Farming,Employed,11142,38,4,45,2024-05-10
HH1101,S10101,,V1002,District A,55,M,Secondary,Farming,Employed,21344,39,4,45,2024-05-10
HH1102,S10102,,V1003,District A,39,M,Secondary,Farming,Employed,22286,36,4,45,2024-05-10
HH1103,S10103,,V1004,District A,49,M,Secondary,Farming,Employed,28443,41,4,45,2024-05-10
HH1104,S10104,,V1005,District A,41,M,Secondary,Farming,Employed,17595,39,4,45,2024-05-10
HH1105,S10105,,V1006,District A,56,M,Secondary,Farming,Employed,25924,33,4,45,2024-05-10
HH1106,S10106,,V1007,District A,22,M,Secondary,Farming,Employed,11162,44,4,45,2024-05-10
HH1107,S10107,,V1008,District A,47,M,Secondary,Farming,Employed,25757,48,4,45,2024-05-10
HH1108,S10108,,V1009,District A,38,M,Secondary,Farming,Employed,25452,42,4,45,2024-05-10
HH1109,S10109,,V1010,District A,54,M,Secondary,Farming,Employed,14327,32,4,45,2024-05-10
HH1110,S10110,,V1001,District A,42,M,Secondary,Farming,Employed,28194,34,4,45,2024-05-10
HH1111,S10111,,V1002,District A,29,M,Secondary,Farming,Employed,16332,42,4,45,2024-05-10
HH1112,S10112,,V1003,District A,21,M,Secondary,Farming,Employed,22117,44,4,45,2024-05-10
HH1113,S10113,,V1004,District A,54,M,Secondary,Farming,Employed,16433,37,4,45,2024-05-10
HH1114,S10114,,V1005,District A,34,M,Secondary,Farming,Employed,16907,39,4,45,2024-05-10
HH1115,S10115,,V1006,District A,43,M,Secondary,Farming,Employed,24020,40,4,45,2024-05-10
HH1116,S10116,,V1007,District A,38,M,Secondary,Farming,Employed,24737,44,4,45,2024-05-10
HH1117,S10117,,V1008,District A,21,M,Secondary,Farming,Employed,18140,30,4,45,2024-05-10
HH1118,S10118,,V1009,District A,45,M,Secondary,Farming,Employed,25823,33,4,45,2024-05-10
HH1119,S10119,,V1010,District A,41,M,Secondary,Farming,Employed,10576,44,4,45,2024-05-10
HH1120,S10120,,V1001,District A,33,M,Secondary,Farming,Employed,17918,32,4,45,2024-05-10
HH1121,S10121,,V1002,District A,28,M,Secondary,Farming,Employed,13133,32,4,45,2024-05-10
HH1122,S10122,,V1003,District A,18,M,Secondary,Farming,Employed,23329,47,4,45,2024-05-10
HH1123,S10123,,V1004,District A,48,M,Secondary,Farming,Employed,12903,45,4,45,2024-05-10
HH1124,S10124,,V1005,District A,34,M,Secondary,Farming,Employed,21417,33,4,45,2024-05-10
HH1125,S10125,,V1006,District A,44,M,Secondary,Farming,Employed,20999,32,4,45,2024-05-10
HH1126,S10126,,V1007,District A,56,M,Secondary,Farming,Employed,14440,47,4,45,2024-05-10
HH1127,S10127,,V1008,District A,28,M,Secondary,Farming,Employed,15699,47,4,45,2024-05-10
HH1128,S10128,,V1009,District A,51,M,Secondary,Farming,Employed,14552,49,4,45,2024-05-10
HH1129,S10129,,V1010,District A,18,M,Secondary,Farming,Employed,12150,31,4,45,2024-05-10
HH1130,S10130,,V1001,District A,58,M,Secondary,Farming,Employed,29569,44,4,45,2024-05-10
HH1131,S10131,,V1002,District A,21,M,Secondary,Farming,Employed,21233,38,4,45,2024-05-10
HH1132,S10132,,V1003,District A,40,M,Secondary,Farming,Employed,14339,36,4,45,2024-05-10
HH1133,S10133,,V1004,District A,44,M,Secondary,Farming,Employed,15747,44,4,45,2024-05-10
HH1134,S10134,,V1005,District A,32,M,Secondary,Farming,Employed,10287,46,4,45,2024-05-10
HH1135,S10135,,V1006,District A,35,M,Secondary,Farming,Employed,27712,32,4,45,2024-05-10
HH1136,S10136,,V1007,District A,32,M,Secondary,Farming,Employed,29800,31,4,45,2024-05-10
HH1137,S10137,,V1008,District A,54,M,Secondary,Farming,Employed,13425,37,4,45,2024-05-10
HH1138,S10138,,V1009,District A,25,M,Secondary,Farming,Employed,24367,49,4,45,2024-05-10
HH1139,S10139,,V1010,District A,33,M,Secondary,Farming,Employed,16227,37,4,45,2024-05-10
HH1140,S10140,,V1001,District A,18,M,Secondary,Farming,Employed,18842,42,4,45,2024-05-10
HH1141,S10141,,V1002,District A,18,M,Secondary,Farming,Employed,10144,48,4,45,2024-05-10
HH1142,S10142,,V1003,District A,39,M,Secondary,Farming,Employed,19225,43,4,45,2024-05-10
HH1143,S10143,,V1004,District A,54,M,Secondary,Farming,Employed,25410,38,4,45,2024-05-10
HH1144,S10144,,V1005,District A,18,M,Secondary,Farming,Employed,29352,34,4,45,2024-05-10
HH1145,S10145,,V1006,District A,45,M,Secondary,Farming,Employed,21433,42,4,45,2024-05-10
HH1146,S10146,,V1007,District A,39,M,Secondary,Farming,Employed,13700,32,4,45,2024-05-10
HH1147,S10147,,V1008,District A,26,M,Secondary,Farming,Employed,11688,43,4,45,2024-05-10
HH1148,S10148,,V1009,District A,54,M,Secondary,Farming,Employed,13683,41,4,45,2024-05-10
HH1149,S10149,,V1010,District A,42,M,Secondary,Farming,Employed,25601,49,4,45,2024-05-10
HH1150,S10150,,V1001,District A,36,M,Secondary,Farming,Employed,21000,34,4,45,2024-05-10
HH1151,S10151,,V1002,District A,19,M,Secondary,Farming,Employed,28004,33,4,45,2024-05-10
HH1152,S10152,,V1003,District A,45,M,Secondary,Farming,Employed,11623,40,4,45,2024-05-10
HH1153,S10153,,V1004,District A,39,M,Secondary,Farming,Employed,16157,46,4,45,2024-05-10
HH1154,S10154,,V1005,District A,34,M,Secondary,Farming,Employed,17111,42,4,45,2024-05-10
HH1155,S10155,,V1006,District A,51,M,Secondary,Farming,Employed,22818,30,4,45,2024-05-10
HH1156,S10156,,V1007,District A,30,M,Secondary,Farming,Employed,14850,38,4,45,2024-05-10
HH1157,S10157,,V1008,District A,23,M,Secondary,Farming,Employed,27561,34,4,45,2024-05-10
HH1158,S10158,,V1009,District A,19,M,Secondary,Farming,Employed,24291,30,4,45,2024-05-10
HH1159,S10159,,V1010,District A,51,M,Secondary,Farming,Employed,23064,40,4,45,2024-05-10
HH1160,S10160,,V1001,District A,31,M,Secondary,Farming,Employed,25736,42,4,45,2024-05-10
HH1161,S10161,,V1002,District A,32,M,Secondary,Farming,Employed,16389,33,4,45,2024-05-10
HH1162,S10162,,V1003,District A,42,M,Secondary,Farming,Employed,13307,45,4,45,2024-05-10
HH1163,S10163,,V1004,District A,47,M,Secondary,Farming,Employed,17398,41,4,45,2024-05-10
HH1164,S10164,,V1005,District A,27,M,Secondary,Farming,Employed,23913,31,4,45,2024-05-10
HH1165,S10165,,V1006,District A,19,M,Secondary,Farming,Employed,18037,48,4,45,2024-05-10
HH1166,S10166,,V1007,District A,38,M,Secondary,Farming,Employed,14418,30,4,45,2024-05-10
HH1167,S10167,,V1008,District A,58,M,Secondary,Farming,Employed,20539,33,4,45,2024-05-10
HH1168,S10168,,V1009,District A,25,M,Secondary,Farming,Employed,16380,44,4,45,2024-05-10
HH1169,S10169,,V1010,District A,40,M,Secondary,Farming,Employed,17159,34,4,45,2024-05-10
HH1170,S10170,,V1001,District A,57,M,Secondary,Farming,Employed,12963,34,4,45,2024-05-10
HH1171,S10171,,V1002,District A,45,M,Secondary,Farming,Employed,28661,34,4,45,2024-05-10
HH1172,S10172,,V1003,District A,48,M,Secondary,Farming,Employed,20073,31,4,45,2024-05-10
HH1173,S10173,,V1004,District A,27,M,Secondary,Farming,Employed,12324,32,4,45,2024-05-10
HH1174,S10174,,V1005,District A,49,M,Secondary,Farming,Employed,25243,35,4,45,2024-05-10
HH1175,S10175,,V1006,District A,41,M,Secondary,Farming,Employed,28837,42,4,45,2024-05-10
HH1176,S10176,,V1007,District A,40,M,Secondary,Farming,Employed,14014,48,4,45,2024-05-10
HH1177,S10177,,V1008,District A,56,M,Secondary,Farming,Employed,13316,31,4,45,2024-05-10
HH1178,S10178,,V1009,District A,33,M,Secondary,Farming,Employed,16243,48,4,45,2024-05-10
HH1179,S10179,,V1010,District A,28,M,Secondary,Farming,Employed,20965,38,4,45,2024-05-10
HH1180,S10180,,V1001,District A,29,M,Secondary,Farming,Employed,16128,31,4,45,2024-05-10
HH1181,S10181,,V1002,District A,32,M,Secondary,Farming,Employed,13448,32,4,45,2024-05-10
HH1182,S10182,,V1003,District A,43,M,Secondary,Farming,Employed,18804,42,4,45,2024-05-10
HH1183,S10183,,V1004,District A,36,M,Secondary,Farming,Employed,10956,39,4,45,2024-05-10
HH1184,S10184,,V1005,District A,18,M,Secondary,Farming,Employed,24967,47,4,45,2024-05-10
HH1185,S10185,,V1006,District A,22,M,Secondary,Farming,Employed,11108,34,4,45,2024-05-10
HH1186,S10186,,V1007,District A,59,M,Secondary,Farming,Employed,26351,37,4,45,2024-05-10
HH1187,S10187,,V1008,District A,42,M,Secondary,Farming,Employed,19483,30,4,45,2024-05-10
HH1188,S10188,,V1009,District A,26,M,Secondary,Farming,Employed,14192,34,4,45,2024-05-10
HH1189,S10189,,V1010,District A,48,M,Secondary,Farming,Employed,23940,37,4,45,2024-05-10
HH1190,S10190,,V1001,District A,30,M,Secondary,Farming,Employed,18803,34,4,45,2024-05-10
HH1191,S10191,,V1002,District A,55,M,Secondary,Farming,Employed,14704,30,4,45,2024-05-10
HH1192,S10192,,V1003,District A,35,M,Secondary,Farming,Employed,22292,44,4,45,2024-05-10
HH1193,S10193,,V1004,District A,19,M,Secondary,Farming,Employed,19326,36,4,45,2024-05-10
HH1194,S10194,,V1005,District A,38,M,Secondary,Farming,Employed,12876,41,4,45,2024-05-10
HH1195,S10195,,V1006,District A,55,M,Secondary,Farming,Employed,16989,36,4,45,2024-05-10
HH1196,S10196,,V1007,District A,31,M,Secondary,Farming,Employed,20104,38,4,45,2024-05-10
HH1197,S10197,,V1008,District A,24,M,Secondary,Farming,Employed,20572,36,4,45,2024-05-10
HH1198,S10198,,V1009,District A,38,M,Secondary,Farming,Employed,14731,35,4,45,2024-05-10
HH1199,S10199,,V1010,District A,26,M,Secondary,Farming,Employed,20871,33,4,45,2024-05-10
HH1200,S10200,,V1001,District A,28,M,Secondary,Farming,Employed,21811,47,4,45,2024-05-10
HH1201,S10201,,V1002,District A,57,M,Secondary,Farming,Employed,20378,40,4,45,2024-05-10
HH1202,S10202,,V1003,District A,58,M,Secondary,Farming,Employed,26211,35,4,45,2024-05-10
HH1203,S10203,,V1004,District A,47,M,Secondary,Farming,Employed,22130,40,4,45,2024-05-10
HH1204,S10204,,V1005,District A,52,M,Secondary,Farming,Employed,15033,44,4,45,2024-05-10
HH1205,S10205,,V1006,District A,34,M,Secondary,Farming,Employed,18326,46,4,45,2024-05-10
HH1206,S10206,,V1007,District A,35,M,Secondary,Farming,Employed,25255,46,4,45,2024-05-10
HH1207,S10207,,V1008,District A,59,M,Secondary,Farming,Employed,20677,30,4,45,2024-05-10
HH1208,S10208,,V1009,District A,47,M,Secondary,Farming,Employed,18084,30,4,45,2024-05-10
HH1209,S10209,,V1010,District A,23,M,Secondary,Farming,Employed,14671,33,4,45,2024-05-10
HH1210,S10210,,V1001,District A,48,M,Secondary,Farming,Employed,12139,38,4,45,2024-05-10
HH1211,S10211,,V1002,District A,43,M,Secondary,Farming,Employed,27611,48,4,45,2024-05-10
HH1212,S10212,,V1003,District A,33,M,Secondary,Farming,Employed,12004,34,4,45,2024-05-10
HH1213,S10213,,V1004,District A,30,M,Secondary,Farming,Employed,21481,40,4,45,2024-05-10
HH1214,S10214,,V1005,District A,59,M,Secondary,Farming,Employed,17915,35,4,45,2024-05-10
HH1215,S10215,,V1006,District A,59,M,Secondary,Farming,Employed,19170,46,4,45,2024-05-10
HH1216,S10216,,V1007,District A,46,M,Secondary,Farming,Employed,18418,31,4,45,2024-05-10
HH1217,S10217,,V1008,District A,21,M,Secondary,Farming,Employed,21283,47,4,45,2024-05-10
HH1218,S10218,,V1009,District A,23,M,Secondary,Farming,Employed,29780,38,4,45,2024-05-10
HH1219,S10219,,V1010,District A,23,M,Secondary,Farming,Employed,17351,43,4,45,2024-05-10
HH1220,S10220,,V1001,District A,39,M,Secondary,Farming,Employed,25775,34,4,45,2024-05-10
HH1221,S10221,,V1002,District A,54,M,Secondary,Farming,Employed,22805,38,4,45,2024-05-10
HH1222,S10222,,V1003,District A,20,M,Secondary,Farming,Employed,14022,46,4,45,2024-05-10
HH1223,S10223,,V1004,District A,25,M,Secondary,Farming,Employed,10276,41,4,45,2024-05-10
HH1224,S10224,,V1005,District A,50,M,Secondary,Farming,Employed,19261,35,4,45,2024-05-10
HH1225,S10225,,V1006,District A,38,M,Secondary,Farming,Employed,18361,44,4,45,2024-05-10
HH1226,S10226,,V1007,District A,40,M,Secondary,Farming,Employed,10579,30,4,45,2024-05-10
HH1227,S10227,,V1008,District A,51,M,Secondary,Farming,Employed,15961,41,4,45,2024-05-10
HH1228,S10228,,V1009,District A,54,M,Secondary,Farming,Employed,14889,46,4,45,2024-05-10
HH1229,S10229,,V1010,District A,33,M,Secondary,Farming,Employed,12677,37,4,45,2024-05-10
HH1230,S10230,,V1001,District A,46,M,Secondary,Farming,Employed,22378,49,4,45,2024-05-10
HH1231,S10231,,V1002,District A,43,M,Secondary,Farming,Employed,23899,46,4,45,2024-05-10
HH1232,S10232,,V1003,District A,25,M,Secondary,Farming,Employed,27701,48,4,45,2024-05-10
HH1233,S10233,,V1004,District A,51,M,Secondary,Farming,Employed,27940,46,4,45,2024-05-10
HH1234,S10234,,V1005,District A,30,M,Secondary,Farming,Employed,21795,35,4,45,2024-05-10
HH1235,S10235,,V1006,District A,25,M,Secondary,Farming,Employed,18981,33,4,45,2024-05-10
HH1236,S10236,,V1007,District A,39,M,Secondary,Farming,Employed,12753,33,4,45,2024-05-10
HH1237,S10237,,V1008,District A,37,M,Secondary,Farming,Employed,29768,40,4,45,2024-05-10
HH1238,S10238,,V1009,District A,30,M,Secondary,Farming,Employed,25485,45,4,45,2024-05-10
HH1239,S10239,,V1010,District A,19,M,Secondary,Farming,Employed,28185,45,4,45,2024-05-10
HH1240,S10240,,V1001,District A,37,M,Secondary,Farming,Employed,15025,30,4,45,2024-05-10
HH1241,S10241,,V1002,District A,44,M,Secondary,Farming,Employed,24667,47,4,45,2024-05-10
HH1242,S10242,,V1003,District A,35,M,Secondary,Farming,Employed,14978,49,4,45,2024-05-10
HH1243,S10243,,V1004,District A,28,M,Secondary,Farming,Employed,23036,42,4,45,2024-05-10
HH1244,S10244,,V1005,District A,56,M,Secondary,Farming,Employed,17733,31,4,45,2024-05-10
HH1245,S10245,,V1006,District A,24,M,Secondary,Farming,Employed,24745,42,4,45,2024-05-10
HH1246,S10246,,V1007,District A,19,M,Secondary,Farming,Employed,23591,41,4,45,2024-05-10
HH1247,S10247,,V1008,District A,25,M,Secondary,Farming,Employed,13734,49,4,45,2024-05-10
HH1248,S10248,,V1009,District A,37,M,Secondary,Farming,Employed,29490,43,4,45,2024-05-10
HH1249,S10249,,V1010,District A,59,M,Secondary,Farming,Employed,22576,48,4,45,2024-05-10
HH1250,S10250,,V1001,District A,39,M,Secondary,Farming,Employed,20045,44,4,45,2024-05-10
HH1251,S10251,,V1002,District A,24,M,Secondary,Farming,Employed,27879,44,4,45,2024-05-10
HH1252,S10252,,V1003,District A,20,M,Secondary,Farming,Employed,17736,41,4,45,2024-05-10
HH1253,S10253,,V1004,District A,36,M,Secondary,Farming,Employed,17243,38,4,45,2024-05-10
HH1254,S10254,,V1005,District A,55,M,Secondary,Farming,Employed,24440,37,4,45,2024-05-10
HH1255,S10255,,V1006,District A,24,M,Secondary,Farming,Employed,10261,42,4,45,2024-05-10
HH1256,S10256,,V1007,District A,28,M,Secondary,Farming,Employed,16965,36,4,45,2024-05-10
HH1257,S10257,,V1008,District A,30,M,Secondary,Farming,Employed,20390,39,4,45,2024-05-10
HH1258,S10258,,V1009,District A,53,M,Secondary,Farming,Employed,13654,46,4,45,2024-05-10
HH1259,S10259,,V1010,District A,23,M,Secondary,Farming,Employed,29638,38,4,45,2024-05-10
HH1260,S10260,,V1001,District A,57,M,Secondary,Farming,Employed,19442,47,4,45,2024-05-10
HH1261,S10261,,V1002,District A,54,M,Secondary,Farming,Employed,23720,41,4,45,2024-05-10
HH1262,S10262,,V1003,District A,46,M,Secondary,Farming,Employed,16438,47,4,45,2024-05-10
HH1263,S10263,,V1004,District A,35,M,Secondary,Farming,Employed,22451,38,4,45,2024-05-10
HH1264,S10264,,V1005,District A,36,M,Secondary,Farming,Employed,29252,43,4,45,2024-05-10
HH1265,S10265,,V1006,District A,45,M,Secondary,Farming,Employed,18651,49,4,45,2024-05-10
HH1266,S10266,,V1007,District A,47,M,Secondary,Farming,Employed,20459,34,4,45,2024-05-10
HH1267,S10267,,V1008,District A,50,M,Secondary,Farming,Employed,25665,38,4,45,2024-05-10
HH1268,S10268,,V1009,District A,37,M,Secondary,Farming,Employed,19141,47,4,45,2024-05-10
HH1269,S10269,,V1010,District A,53,M,Secondary,Farming,Employed,10079,41,4,45,2024-05-10
HH1270,S10270,,V1001,District A,42,M,Secondary,Farming,Employed,17065,48,4,45,2024-05-10
HH1271,S10271,,V1002,District A,39,M,Secondary,Farming,Employed,20750,49,4,45,2024-05-10
HH1272,S10272,,V1003,District A,52,M,Secondary,Farming,Employed,18239,43,4,45,2024-05-10
HH1273,S10273,,V1004,District A,45,M,Secondary,Farming,Employed,18577,30,4,45,2024-05-10
HH1274,S10274,,V1005,District A,19,M,Secondary,Farming,Employed,22956,31,4,45,2024-05-10
HH1275,S10275,,V1006,District A,28,M,Secondary,Farming,Employed,22236,42,4,45,2024-05-10
HH1276,S10276,,V1007,District A,22,M,Secondary,Farming,Employed,23579,42,4,45,2024-05-10
HH1277,S10277,,V1008,District A,51,M,Secondary,Farming,Employed,13905,42,4,45,2024-05-10
HH1278,S10278,,V1009,District A,39,M,Secondary,Farming,Employed,22824,45,4,45,2024-05-10
HH1279,S10279,,V1010,District A,36,M,Secondary,Farming,Employed,11162,30,4,45,2024-05-10
HH1280,S10280,,V1001,District A,59,M,Secondary,Farming,Employed,29713,48,4,45,2024-05-10
HH1281,S10281,,V1002,District A,31,M,Secondary,Farming,Employed,21198,31,4,45,2024-05-10
HH1282,S10282,,V1003,District A,43,M,Secondary,Farming,Employed,18188,36,4,45,2024-05-10
HH1283,S10283,,V1004,District A,22,M,Secondary,Farming,Employed,26428,44,4,45,2024-05-10
HH1284,S10284,,V1005,District A,37,M,Secondary,Farming,Employed,18161,49,4,45,2024-05-10
HH1285,S10285,,V1006,District A,29,M,Secondary,Farming,Employed,28623,48,4,45,2024-05-10
HH1286,S10286,,V1007,District A,52,M,Secondary,Farming,Employed,29110,45,4,45,2024-05-10
HH1287,S10287,,V1008,District A,18,M,Secondary,Farming,Employed,10023,47,4,45,2024-05-10
HH1288,S10288,,V1009,District A,32,M,Secondary,Farming,Employed,25232,40,4,45,2024-05-10
HH1289,S10289,,V1010,District A,34,M,Secondary,Farming,Employed,20674,49,4,45,2024-05-10
HH1290,S10290,,V1001,District A,22,M,Secondary,Farming,Employed,17138,36,4,45,2024-05-10
HH1291,S10291,,V1002,District A,40,M,Secondary,Farming,Employed,20564,34,4,45,2024-05-10
HH1292,S10292,,V1003,District A,31,M,Secondary,Farming,Employed,13131,38,4,45,2024-05-10
HH1293,S10293,,V1004,District A,47,M,Secondary,Farming,Employed,12997,48,4,45,2024-05-10
HH1294,S10294,,V1005,District A,32,M,Secondary,Farming,Employed,25114,35,4,45,2024-05-10
HH1295,S10295,,V1006,District A,35,M,Secondary,Farming,Employed,20351,40,4,45,2024-05-10
HH1296,S10296,,V1007,District A,55,M,Secondary,Farming,Employed,23148,45,4,45,2024-05-10
HH1297,S10297,,V1008,District A,30,M,Secondary,Farming,Employed,16564,30,4,45,2024-05-10
HH1298,S10298,,V1009,District A,46,M,Secondary,Farming,Employed,23431,33,4,45,2024-05-10
HH1299,S10299,,V1010,District A,29,M,Secondary,Farming,Employed,10647,49,4,45,2024-05-10
HH1300,S10300,,V1001,District A,25,M,Secondary,Farming,Employed,13936,44,4,45,2024-05-10
HH1301,S10301,,V1002,District A,54,M,Secondary,Farming,Employed,19625,45,4,45,2024-05-10
HH1302,S10302,,V1003,District A,34,M,Secondary,Farming,Employed,17273,36,4,45,2024-05-10
HH1303,S10303,,V1004,District A,26,M,Secondary,Farming,Employed,28293,32,4,45,2024-05-10
HH1304,S10304,,V1005,District A,55,M,Secondary,Farming,Employed,28635,43,4,45,2024-05-10
HH1305,S10305,,V1006,District A,52,M,Secondary,Farming,Employed,18445,44,4,45,2024-05-10
HH1306,S10306,,V1007,District A,20,M,Secondary,Farming,Employed,14479,32,4,45,2024-05-10
HH1307,S10307,,V1008,District A,39,M,Secondary,Farming,Employed,27759,30,4,45,2024-05-10
HH1308,S10308,,V1009,District A,35,M,Secondary,Farming,Employed,29325,38,4,45,2024-05-10
HH1309,S10309,,V1010,District A,27,M,Secondary,Farming,Employed,11505,46,4,45,2024-05-10
HH1310,S10310,,V1001,District A,27,M,Secondary,Farming,Employed,14373,39,4,45,2024-05-10
HH1311,S10311,,V1002,District A,42,M,Secondary,Farming,Employed,10117,46,4,45,2024-05-10
HH1312,S10312,,V1003,District A,42,M,Secondary,Farming,Employed,22999,38,4,45,2024-05-10
HH1313,S10313,,V1004,District A,19,M,Secondary,Farming,Employed,19681,30,4,45,2024-05-10
HH1314,S10314,,V1005,District A,55,M,Secondary,Farming,Employed,17402,46,4,45,2024-05-10
HH1315,S10315,,V1006,District A,47,M,Secondary,Farming,Employed,22159,34,4,45,2024-05-10
HH1316,S10316,,V1007,District A,43,M,Secondary,Farming,Employed,13504,36,4,45,2024-05-10
HH1317,S10317,,V1008,District A,32,M,Secondary,Farming,Employed,27056,47,4,45,2024-05-10
HH1318,S10318,,V1009,District A,18,M,Secondary,Farming,Employed,29041,37,4,45,2024-05-10
HH1319,S10319,,V1010,District A,28,M,Secondary,Farming,Employed,26738,35,4,45,2024-05-10
HH1320,S10320,,V1001,District A,46,M,Secondary,Farming,Employed,25415,46,4,45,2024-05-10
HH1321,S10321,,V1002,District A,25,M,Secondary,Farming,Employed,14275,30,4,45,2024-05-10
HH1322,S10322,,V1003,District A,46,M,Secondary,Farming,Employed,23488,43,4,45,2024-05-10
HH1323,S10323,,V1004,District A,32,M,Secondary,Farming,Employed,18939,43,4,45,2024-05-10
HH1324,S10324,,V1005,District A,54,M,Secondary,Farming,Employed,28782,35,4,45,2024-05-10
HH1325,S10325,,V1006,District A,35,M,Secondary,Farming,Employed,14241,36,4,45,2024-05-10
HH1326,S10326,,V1007,District A,20,M,Secondary,Farming,Employed,13263,32,4,45,2024-05-10
HH1327,S10327,,V1008,District A,47,M,Secondary,Farming,Employed,18256,34,4,45,2024-05-10
HH1328,S10328,,V1009,District A,21,M,Secondary,Farming,Employed,27083,44,4,45,2024-05-10
HH1329,S10329,,V1010,District A,46,M,Secondary,Farming,Employed,28940,44,4,45,2024-05-10
HH1330,S10330,,V1001,District A,43,M,Secondary,Farming,Employed,13846,31,4,45,2024-05-10
HH1331,S10331,,V1002,District A,50,M,Secondary,Farming,Employed,20942,34,4,45,2024-05-10
HH1332,S10332,,V1003,District A,48,M,Secondary,Farming,Employed,13053,37,4,45,2024-05-10
HH1333,S10333,,V1004,District A,33,M,Secondary,Farming,Employed,28479,47,4,45,2024-05-10
HH1334,S10334,,V1005,District A,21,M,Secondary,Farming,Employed,15546,35,4,45,2024-05-10
HH1335,S10335,,V1006,District A,32,M,Secondary,Farming,Employed,12072,31,4,45,2024-05-10
HH1336,S10336,,V1007,District A,20,M,Secondary,Farming,Employed,19461,36,4,45,2024-05-10
HH1337,S10337,,V1008,District A,50,M,Secondary,Farming,Employed,15803,40,4,45,2024-05-10
HH1338,S10338,,V1009,District A,47,M,Secondary,Farming,Employed,26851,38,4,45,2024-05-10
HH1339,S10339,,V1010,District A,48,M,Secondary,Farming,Employed,21422,43,4,45,2024-05-10
HH1340,S10340,,V1001,District A,59,M,Secondary,Farming,Employed,11415,31,4,45,2024-05-10
HH1341,S10341,,V1002,District A,56,M,Secondary,Farming,Employed,18315,44,4,45,2024-05-10
HH1342,S10342,,V1003,District A,54,M,Secondary,Farming,Employed,22814,49,4,45,2024-05-10
HH1343,S10343,,V1004,District A,55,M,Secondary,Farming,Employed,20694,46,4,45,2024-05-10
HH1344,S10344,,V1005,District A,52,M,Secondary,Farming,Employed,10654,39,4,45,2024-05-10
HH1345,S10345,,V1006,District A,48,M,Secondary,Farming,Employed,11141,49,4,45,2024-05-10
HH1346,S10346,,V1007,District A,26,M,Secondary,Farming,Employed,26124,46,4,45,2024-05-10
HH1347,S10347,,V1008,District A,32,M,Secondary,Farming,Employed,10874,36,4,45,2024-05-10
HH1348,S10348,,V1009,District A,40,M,Secondary,Farming,Employed,25339,36,4,45,2024-05-10
HH1349,S10349,,V1010,District A,51,M,Secondary,Farming,Employed,11232,47,4,45,2024-05-10
HH1350,S10350,,V1001,District A,18,M,Secondary,Farming,Employed,18634,40,4,45,2024-05-10
HH1351,S10351,,V1002,District A,53,M,Secondary,Farming,Employed,17734,48,4,45,2024-05-10
HH1352,S10352,,V1003,District A,51,M,Secondary,Farming,Employed,20346,32,4,45,2024-05-10
HH1353,S10353,,V1004,District A,40,M,Secondary,Farming,Employed,20252,31,4,45,2024-05-10
HH1354,S10354,,V1005,District A,31,M,Secondary,Farming,Employed,15572,47,4,45,2024-05-10
HH1355,S10355,,V1006,District A,33,M,Secondary,Farming,Employed,21942,38,4,45,2024-05-10
HH1356,S10356,,V1007,District A,33,M,Secondary,Farming,Employed,15618,35,4,45,2024-05-10
HH1357,S10357,,V1008,District A,37,M,Secondary,Farming,Employed,13863,37,4,45,2024-05-10
HH1358,S10358,,V1009,District A,24,M,Secondary,Farming,Employed,27725,32,4,45,2024-05-10
HH1359,S10359,,V1010,District A,45,M,Secondary,Farming,Employed,19728,40,4,45,2024-05-10
HH1360,S10360,,V1001,District A,19,M,Secondary,Farming,Employed,19748,40,4,45,2024-05-10
HH1361,S10361,,V1002,District A,47,M,Secondary,Farming,Employed,20286,35,4,45,2024-05-10
HH1362,S10362,,V1003,District A,52,M,Secondary,Farming,Employed,27101,30,4,45,2024-05-10
HH1363,S10363,,V1004,District A,26,M,Secondary,Farming,Employed,25080,36,4,45,2024-05-10
HH1364,S10364,,V1005,District A,46,M,Secondary,Farming,Employed,11664,36,4,45,2024-05-10
HH1365,S10365,,V1006,District A,27,M,Secondary,Farming,Employed,15279,33,4,45,2024-05-10
HH1366,S10366,,V1007,District A,20,M,Secondary,Farming,Employed,20607,40,4,45,2024-05-10
HH1367,S10367,,V1008,District A,27,M,Secondary,Farming,Employed,24231,36,4,45,2024-05-10
HH1368,S10368,,V1009,District A,33,M,Secondary,Farming,Employed,18000,43,4,45,2024-05-10
HH1369,S10369,,V1010,District A,32,M,Secondary,Farming,Employed,18722,48,4,45,2024-05-10
HH1370,S10370,,V1001,District A,28,M,Secondary,Farming,Employed,11505,47,4,45,2024-05-10
HH1371,S10371,,V1002,District A,47,M,Secondary,Farming,Employed,12727,31,4,45,2024-05-10
HH1372,S10372,,V1003,District A,57,M,Secondary,Farming,Employed,12663,30,4,45,2024-05-10
HH1373,S10373,,V1004,District A,43,M,Secondary,Farming,Employed,19571,32,4,45,2024-05-10
HH1374,S10374,,V1005,District A,26,M,Secondary,Farming,Employed,26698,37,4,45,2024-05-10
HH1375,S10375,,V1006,District A,26,M,Secondary,Farming,Employed,14944,45,4,45,2024-05-10
HH1376,S10376,,V1007,District A,47,M,Secondary,Farming,Employed,13564,37,4,45,2024-05-10
HH1377,S10377,,V1008,District A,30,M,Secondary,Farming,Employed,25054,44,4,45,2024-05-10
HH1378,S10378,,V1009,District A,31,M,Secondary,Farming,Employed,11064,37,4,45,2024-05-10
HH1379,S10379,,V1010,District A,21,M,Secondary,Farming,Employed,26044,40,4,45,2024-05-10
HH1380,S10380,,V1001,District A,35,M,Secondary,Farming,Employed,19268,31,4,45,2024-05-10
HH1381,S10381,,V1002,District A,46,M,Secondary,Farming,Employed,25721,44,4,45,2024-05-10
HH1382,S10382,,V1003,District A,31,M,Secondary,Farming,Employed,13183,45,4,45,2024-05-10
HH1383,S10383,,V1004,District A,28,M,Secondary,Farming,Employed,11522,41,4,45,2024-05-10
HH1384,S10384,,V1005,District A,28,M,Secondary,Farming,Employed,22288,40,4,45,2024-05-10
HH1385,S10385,,V1006,District A,21,M,Secondary,Farming,Employed,19751,30,4,45,2024-05-10
HH1386,S10386,,V1007,District A,28,M,Secondary,Farming,Employed,29375,37,4,45,2024-05-10
HH1387,S10387,,V1008,District A,56,M,Secondary,Farming,Employed,15793,45,4,45,2024-05-10
HH1388,S10388,,V1009,District A,35,M,Secondary,Farming,Employed,23359,31,4,45,2024-05-10
HH1389,S10389,,V1010,District A,26,M,Secondary,Farming,Employed,16091,40,4,45,2024-05-10
HH1390,S10390,,V1001,District A,35,M,Secondary,Farming,Employed,21099,41,4,45,2024-05-10
HH1391,S10391,,V1002,District A,29,M,Secondary,Farming,Employed,10127,37,4,45,2024-05-10
HH1392,S10392,,V1003,District A,57,M,Secondary,Farming,Employed,17801,44,4,45,2024-05-10
HH1393,S10393,,V1004,District A,54,M,Secondary,Farming,Employed,22239,43,4,45,2024-05-10
HH1394,S10394,,V1005,District A,21,M,Secondary,Farming,Employed,12702,47,4,45,2024-05-10
HH1395,S10395,,V1006,District A,24,M,Secondary,Farming,Employed,29611,36,4,45,2024-05-10
HH1396,S10396,,V1007,District A,40,M,Secondary,Farming,Employed,10214,40,4,45,2024-05-10
HH1397,S10397,,V1008,District A,44,M,Secondary,Farming,Employed,22829,40,4,45,2024-05-10
HH1398,S10398,,V1009,District A,21,M,Secondary,Farming,Employed,22929,43,4,45,2024-05-10
HH1399,S10399,,V1010,District A,24,M,Secondary,Farming,Employed,23776,39,4,45,2024-05-10
HH1400,S10400,,V1001,District A,36,M,Secondary,Farming,Employed,17613,34,4,45,2024-05-10
HH1401,S10401,,V1002,District A,39,M,Secondary,Farming,Employed,24826,35,4,45,2024-05-10
HH1402,S10402,,V1003,District A,41,M,Secondary,Farming,Employed,21062,47,4,45,2024-05-10
HH1403,S10403,,V1004,District A,48,M,Secondary,Farming,Employed,29060,42,4,45,2024-05-10
HH1404,S10404,,V1005,District A,28,M,Secondary,Farming,Employed,26596,45,4,45,2024-05-10
HH1405,S10405,,V1006,District A,27,M,Secondary,Farming,Employed,23392,32,4,45,2024-05-10
HH1406,S10406,,V1007,District A,48,M,Secondary,Farming,Employed,29066,32,4,45,2024-05-10
HH1407,S10407,,V1008,District A,26,M,Secondary,Farming,Employed,14559,44,4,45,2024-05-10
HH1408,S10408,,V1009,District A,18,M,Secondary,Farming,Employed,17849,40,4,45,2024-05-10
HH1409,S10409,,V1010,District A,22,M,Secondary,Farming,Employed,11092,40,4,45,2024-05-10
HH1410,S10410,,V1001,District A,25,M,Secondary,Farming,Employed,18774,48,4,45,2024-05-10
HH1411,S10411,,V1002,District A,33,M,Secondary,Farming,Employed,25370,34,4,45,2024-05-10
HH1412,S10412,,V1003,District A,59,M,Secondary,Farming,Employed,24643,38,4,45,2024-05-10
HH1413,S10413,,V1004,District A,44,M,Secondary,Farming,Employed,13302,38,4,45,2024-05-10
HH1414,S10414,,V1005,District A,23,M,Secondary,Farming,Employed,27921,30,4,45,2024-05-10
HH1415,S10415,,V1006,District A,55,M,Secondary,Farming,Employed,12195,45,4,45,2024-05-10
HH1416,S10416,,V1007,District A,41,M,Secondary,Farming,Employed,15609,44,4,45,2024-05-10
HH1417,S10417,,V1008,District A,24,M,Secondary,Farming,Employed,28227,45,4,45,2024-05-10
HH1418,S10418,,V1009,District A,41,M,Secondary,Farming,Employed,28804,30,4,45,2024-05-10
HH1419,S10419,,V1010,District A,48,M,Secondary,Farming,Employed,26558,48,4,45,2024-05-10
HH1420,S10420,,V1001,District A,52,M,Secondary,Farming,Employed,20599,36,4,45,2024-05-10
HH1421,S10421,,V1002,District A,26,M,Secondary,Farming,Employed,21759,36,4,45,2024-05-10
HH1422,S10422,,V1003,District A,28,M,Secondary,Farming,Employed,14334,40,4,45,2024-05-10
HH1423,S10423,,V1004,District A,18,M,Secondary,Farming,Employed,21190,39,4,45,2024-05-10
HH1424,S10424,,V1005,District A,30,M,Secondary,Farming,Employed,29703,35,4,45,2024-05-10
HH1425,S10425,,V1006,District A,19,M,Secondary,Farming,Employed,23807,34,4,45,2024-05-10
HH1426,S10426,,V1007,District A,21,M,Secondary,Farming,Employed,22305,37,4,45,2024-05-10
HH1427,S10427,,V1008,District A,42,M,Secondary,Farming,Employed,22155,48,4,45,2024-05-10
HH1428,S10428,,V1009,District A,58,M,Secondary,Farming,Employed,26149,36,4,45,2024-05-10
HH1429,S10429,,V1010,District A,48,M,Secondary,Farming,Employed,29510,44,4,45,2024-05-10
HH1430,S10430,,V1001,District A,24,M,Secondary,Farming,Employed,26636,47,4,45,2024-05-10
HH1431,S10431,,V1002,District A,43,M,Secondary,Farming,Employed,13949,46,4,45,2024-05-10
HH1432,S10432,,V1003,District A,57,M,Secondary,Farming,Employed,16664,43,4,45,2024-05-10
HH1433,S10433,,V1004,District A,25,M,Secondary,Farming,Employed,26576,40,4,45,2024-05-10
HH1434,S10434,,V1005,District A,20,M,Secondary,Farming,Employed,18475,31,4,45,2024-05-10
HH1435,S10435,,V1006,District A,55,M,Secondary,Farming,Employed,22444,37,4,45,2024-05-10
HH1436,S10436,,V1007,District A,24,M,Secondary,Farming,Employed,10901,47,4,45,2024-05-10
HH1437,S10437,,V1008,District A,28,M,Secondary,Farming,Employed,16250,34,4,45,2024-05-10
HH1438,S10438,,V1009,District A,59,M,Secondary,Farming,Employed,19929,45,4,45,2024-05-10
HH1439,S10439,,V1010,District A,29,M,Secondary,Farming,Employed,14016,47,4,45,2024-05-10
HH1440,S10440,,V1001,District A,56,M,Secondary,Farming,Employed,10335,47,4,45,2024-05-10
HH1441,S10441,,V1002,District A,22,M,Secondary,Farming,Employed,13765,40,4,45,2024-05-10
HH1442,S10442,,V1003,District A,52,M,Secondary,Farming,Employed,10899,42,4,45,2024-05-10
HH1443,S10443,,V1004,District A,38,M,Secondary,Farming,Employed,27374,34,4,45,2024-05-10
HH1444,S10444,,V1005,District A,55,M,Secondary,Farming,Employed,12684,34,4,45,2024-05-10
HH1445,S10445,,V1006,District A,28,M,Secondary,Farming,Employed,23917,35,4,45,2024-05-10
HH1446,S10446,,V1007,District A,37,M,Secondary,Farming,Employed,13669,46,4,45,2024-05-10
HH1447,S10447,,V1008,District A,39,M,Secondary,Farming,Employed,14602,38,4,45,2024-05-10
HH1448,S10448,,V1009,District A,33,M,Secondary,Farming,Employed,13502,47,4,45,2024-05-10
HH1449,S10449,,V1010,District A,26,M,Secondary,Farming,Employed,13760,44,4,45,2024-05-10
HH1450,S10450,,V1001,District A,34,M,Secondary,Farming,Employed,29265,34,4,45,2024-05-10
HH1451,S10451,,V1002,District A,22,M,Secondary,Farming,Employed,12506,40,4,45,2024-05-10
HH1452,S10452,,V1003,District A,37,M,Secondary,Farming,Employed,12663,45,4,45,2024-05-10
HH1453,S10453,,V1004,District A,33,M,Secondary,Farming,Employed,16751,47,4,45,2024-05-10
HH1454,S10454,,V1005,District A,37,M,Secondary,Farming,Employed,12323,36,4,45,2024-05-10
HH1455,S10455,,V1006,District A,57,M,Secondary,Farming,Employed,11004,48,4,45,2024-05-10
HH1456,S10456,,V1007,District A,21,M,Secondary,Farming,Employed,23021,36,4,45,2024-05-10
HH1457,S10457,,V1008,District A,25,M,Secondary,Farming,Employed,12838,46,4,45,2024-05-10
HH1458,S10458,,V1009,District A,55,M,Secondary,Farming,Employed,17326,39,4,45,2024-05-10
HH1459,S10459,,V1010,District A,54,M,Secondary,Farming,Employed,24797,39,4,45,2024-05-10
HH1460,S10460,,V1001,District A,21,M,Secondary,Farming,Employed,18222,46,4,45,2024-05-10
HH1461,S10461,,V1002,District A,57,M,Secondary,Farming,Employed,20418,47,4,45,2024-05-10
HH1462,S10462,,V1003,District A,40,M,Secondary,Farming,Employed,20004,48,4,45,2024-05-10
HH1463,S10463,,V1004,District A,19,M,Secondary,Farming,Employed,23601,41,4,45,2024-05-10
HH1464,S10464,,V1005,District A,30,M,Secondary,Farming,Employed,12062,41,4,45,2024-05-10
HH1465,S10465,,V1006,District A,24,M,Secondary,Farming,Employed,28107,36,4,45,2024-05-10
HH1466,S10466,,V1007,District A,19,M,Secondary,Farming,Employed,27636,49,4,45,2024-05-10
HH1467,S10467,,V1008,District A,43,M,Secondary,Farming,Employed,13452,35,4,45,2024-05-10
HH1468,S10468,,V1009,District A,28,M,Secondary,Farming,Employed,28367,47,4,45,2024-05-10
HH1469,S10469,,V1010,District A,27,M,Secondary,Farming,Employed,11622,43,4,45,2024-05-10
HH1470,S10470,,V1001,District A,20,M,Secondary,Farming,Employed,15788,43,4,45,2024-05-10
HH1471,S10471,,V1002,District A,56,M,Secondary,Farming,Employed,28038,33,4,45,2024-05-10
HH1472,S10472,,V1003,District A,43,M,Secondary,Farming,Employed,15696,44,4,45,2024-05-10
HH1473,S10473,,V1004,District A,22,M,Secondary,Farming,Employed,24606,35,4,45,2024-05-10
HH1474,S10474,,V1005,District A,20,M,Secondary,Farming,Employed,11723,48,4,45,2024-05-10
HH1475,S10475,,V1006,District A,50,M,Secondary,Farming,Employed,15107,43,4,45,2024-05-10
HH1476,S10476,,V1007,District A,29,M,Secondary,Farming,Employed,24735,40,4,45,2024-05-10
HH1477,S10477,,V1008,District A,33,M,Secondary,Farming,Employed,19911,31,4,45,2024-05-10
HH1478,S10478,,V1009,District A,49,M,Secondary,Farming,Employed,10637,34,4,45,2024-05-10
HH1479,S10479,,V1010,District A,40,M,Secondary,Farming,Employed,28967,42,4,45,2024-05-10
HH1480,S10480,,V1001,District A,26,M,Secondary,Farming,Employed,29899,37,4,45,2024-05-10
HH1481,S10481,,V1002,District A,48,M,Secondary,Farming,Employed,21499,42,4,45,2024-05-10
HH1482,S10482,,V1003,District A,59,M,Secondary,Farming,Employed,26891,46,4,45,2024-05-10
HH1483,S10483,,V1004,District A,25,M,Secondary,Farming,Employed,28230,40,4,45,2024-05-10
HH1484,S10484,,V1005,District A,18,M,Secondary,Farming,Employed,10881,36,4,45,2024-05-10
HH1485,S10485,,V1006,District A,50,M,Secondary,Farming,Employed,24507,44,4,45,2024-05-10
HH1486,S10486,,V1007,District A,49,M,Secondary,Farming,Employed,15914,44,4,45,2024-05-10
HH1487,S10487,,V1008,District A,42,M,Secondary,Farming,Employed,12693,48,4,45,2024-05-10
HH1488,S10488,,V1009,District A,27,M,Secondary,Farming,Employed,17180,36,4,45,2024-05-10
HH1489,S10489,,V1010,District A,43,M,Secondary,Farming,Employed,14734,41,4,45,2024-05-10
HH1490,S10490,,V1001,District A,28,M,Secondary,Farming,Employed,16594,44,4,45,2024-05-10
HH1491,S10491,,V1002,District A,37,M,Secondary,Farming,Employed,29130,33,4,45,2024-05-10
HH1492,S10492,,V1003,District A,41,M,Secondary,Farming,Employed,11488,44,4,45,2024-05-10
HH1493,S10493,,V1004,District A,35,M,Secondary,Farming,Employed,29553,32,4,45,2024-05-10
HH1494,S10494,,V1005,District A,24,M,Secondary,Farming,Employed,24840,31,4,45,2024-05-10
HH1495,S10495,,V1006,District A,41,M,Secondary,Farming,Employed,14833,47,4,45,2024-05-10
HH1496,S10496,,V1007,District A,49,M,Secondary,Farming,Employed,25760,43,4,45,2024-05-10
HH1497,S10497,,V1008,District A,24,M,Secondary,Farming,Employed,15342,32,4,45,2024-05-10
HH1498,S10498,,V1009,District A,47,M,Secondary,Farming,Employed,17505,39,4,45,2024-05-10
HH1499,S10499,,V1010,District A,20,M,Secondary,Farming,Employed,15405,48,4,45,2024-05-10
HH1500,S10500,,V1001,District A,47,M,Secondary,Farming,Employed,20213,43,4,45,2024-05-10
HH1501,S10501,,V1002,District A,28,M,Secondary,Farming,Employed,20805,37,4,45,2024-05-10
HH1502,S10502,,V1003,District A,27,M,Secondary,Farming,Employed,18417,34,4,45,2024-05-10
HH1503,S10503,,V1004,District A,34,M,Secondary,Farming,Employed,20103,31,4,45,2024-05-10
HH1504,S10504,,V1005,District A,32,M,Secondary,Farming,Employed,28000,46,4,45,2024-05-10
HH1505,S10505,,V1006,District A,53,M,Secondary,Farming,Employed,20694,46,4,45,2024-05-10
HH1506,S10506,,V1007,District A,18,M,Secondary,Farming,Employed,29465,30,4,45,2024-05-10
HH1507,S10507,,V1008,District A,40,M,Secondary,Farming,Employed,13968,38,4,45,2024-05-10
HH1508,S10508,,V1009,District A,37,M,Secondary,Farming,Employed,16976,49,4,45,2024-05-10
HH1509,S10509,,V1010,District A,32,M,Secondary,Farming,Employed,17510,30,4,45,2024-05-10
HH1510,S10510,,V1001,District A,45,M,Secondary,Farming,Employed,29390,34,4,45,2024-05-10
HH1511,S10511,,V1002,District A,36,M,Secondary,Farming,Employed,29995,49,4,45,2024-05-10
HH1512,S10512,,V1003,District A,45,M,Secondary,Farming,Employed,16395,48,4,45,2024-05-10
HH1513,S10513,,V1004,District A,49,M,Secondary,Farming,Employed,15407,44,4,45,2024-05-10
HH1514,S10514,,V1005,District A,56,M,Secondary,Farming,Employed,10748,32,4,45,2024-05-10
HH1515,S10515,,V1006,District A,43,M,Secondary,Farming,Employed,12363,33,4,45,2024-05-10
HH1516,S10516,,V1007,District A,50,M,Secondary,Farming,Employed,27978,36,4,45,2024-05-10
HH1517,S10517,,V1008,District A,34,M,Secondary,Farming,Employed,24883,44,4,45,2024-05-10
HH1518,S10518,,V1009,District A,26,M,Secondary,Farming,Employed,12327,32,4,45,2024-05-10
HH1519,S10519,,V1010,District A,36,M,Secondary,Farming,Employed,25417,35,4,45,2024-05-10
HH1520,S10520,,V1001,District A,28,M,Secondary,Farming,Employed,11308,43,4,45,2024-05-10
HH1521,S10521,,V1002,District A,18,M,Secondary,Farming,Employed,10395,48,4,45,2024-05-10
HH1522,S10522,,V1003,District A,31,M,Secondary,Farming,Employed,17518,43,4,45,2024-05-10
HH1523,S10523,,V1004,District A,51,M,Secondary,Farming,Employed,20261,35,4,45,2024-05-10
HH1524,S10524,,V1005,District A,22,M,Secondary,Farming,Employed,18667,41,4,45,2024-05-10
HH1525,S10525,,V1006,District A,29,M,Secondary,Farming,Employed,27432,36,4,45,2024-05-10
HH1526,S10526,,V1007,District A,50,M,Secondary,Farming,Employed,12913,37,4,45,2024-05-10
HH1527,S10527,,V1008,District A,36,M,Secondary,Farming,Employed,13698,45,4,45,2024-05-10
HH1528,S10528,,V1009,District A,28,M,Secondary,Farming,Employed,24954,39,4,45,2024-05-10
HH1529,S10529,,V1010,District A,36,M,Secondary,Farming,Employed,16485,46,4,45,2024-05-10
HH1530,S10530,,V1001,District A,31,M,Secondary,Farming,Employed,14410,38,4,45,2024-05-10
HH1531,S10531,,V1002,District A,18,M,Secondary,Farming,Employed,20611,46,4,45,2024-05-10
HH1532,S10532,,V1003,District A,46,M,Secondary,Farming,Employed,19348,39,4,45,2024-05-10
HH1533,S10533,,V1004,District A,23,M,Secondary,Farming,Employed,22525,48,4,45,2024-05-10
HH1534,S10534,,V1005,District A,56,M,Secondary,Farming,Employed,13523,31,4,45,2024-05-10
HH1535,S10535,,V1006,District A,29,M,Secondary,Farming,Employed,24103,46,4,45,2024-05-10
HH1536,S10536,,V1007,District A,38,M,Secondary,Farming,Employed,15329,36,4,45,2024-05-10
HH1537,S10537,,V1008,District A,35,M,Secondary,Farming,Employed,22164,39,4,45,2024-05-10
HH1538,S10538,,V1009,District A,42,M,Secondary,Farming,Employed,17178,48,4,45,2024-05-10
HH1539,S10539,,V1010,District A,55,M,Secondary,Farming,Employed,23555,31,4,45,2024-05-10
HH1540,S10540,,V1001,District A,56,M,Secondary,Farming,Employed,18479,47,4,45,2024-05-10
HH1541,S10541,,V1002,District A,39,M,Secondary,Farming,Employed,11380,42,4,45,2024-05-10
HH1542,S10542,,V1003,District A,28,M,Secondary,Farming,Employed,16137,37,4,45,2024-05-10
HH1543,S10543,,V1004,District A,49,M,Secondary,Farming,Employed,24405,33,4,45,2024-05-10
HH1544,S10544,,V1005,District A,24,M,Secondary,Farming,Employed,23926,48,4,45,2024-05-10
HH1545,S10545,,V1006,District A,35,M,Secondary,Farming,Employed,18007,46,4,45,2024-05-10
HH1546,S10546,,V1007,District A,30,M,Secondary,Farming,Employed,28313,37,4,45,2024-05-10
HH1547,S10547,,V1008,District A,53,M,Secondary,Farming,Employed,13660,36,4,45,2024-05-10
HH1548,S10548,,V1009,District A,35,M,Secondary,Farming,Employed,23127,49,4,45,2024-05-10
HH1549,S10549,,V1010,District A,59,M,Secondary,Farming,Employed,16258,37,4,45,2024-05-10
HH1550,S10550,,V1001,District A,26,M,Secondary,Farming,Employed,27828,39,4,45,2024-05-10
HH1551,S10551,,V1002,District A,21,M,Secondary,Farming,Employed,14435,45,4,45,2024-05-10
HH1552,S10552,,V1003,District A,22,M,Secondary,Farming,Employed,27892,39,4,45,2024-05-10
HH1553,S10553,,V1004,District A,48,M,Secondary,Farming,Employed,29352,49,4,45,2024-05-10
HH1554,S10554,,V1005,District A,18,M,Secondary,Farming,Employed,22842,44,4,45,2024-05-10
HH1555,S10555,,V1006,District A,31,M,Secondary,Farming,Employed,28519,31,4,45,2024-05-10
HH1556,S10556,,V1007,District A,39,M,Secondary,Farming,Employed,11368,30,4,45,2024-05-10
HH1557,S10557,,V1008,District A,18,M,Secondary,Farming,Employed,26894,41,4,45,2024-05-10
HH1558,S10558,,V1009,District A,59,M,Secondary,Farming,Employed,23355,41,4,45,2024-05-10
HH1559,S10559,,V1010,District A,21,M,Secondary,Farming,Employed,29383,46,4,45,2024-05-10
HH1560,S10560,,V1001,District A,43,M,Secondary,Farming,Employed,17353,39,4,45,2024-05-10
HH1561,S10561,,V1002,District A,25,M,Secondary,Farming,Employed,10275,38,4,45,2024-05-10
HH1562,S10562,,V1003,District A,52,M,Secondary,Farming,Employed,20965,35,4,45,2024-05-10
HH1563,S10563,,V1004,District A,20,M,Secondary,Farming,Employed,22112,49,4,45,2024-05-10
HH1564,S10564,,V1005,District A,50,M,Secondary,Farming,Employed,12719,35,4,45,2024-05-10
HH1565,S10565,,V1006,District A,41,M,Secondary,Farming,Employed,21083,36,4,45,2024-05-10
HH1566,S10566,,V1007,District A,38,M,Secondary,Farming,Employed,21287,49,4,45,2024-05-10
HH1567,S10567,,V1008,District A,41,M,Secondary,Farming,Employed,13174,39,4,45,2024-05-10
HH1568,S10568,,V1009,District A,41,M,Secondary,Farming,Employed,11799,35,4,45,2024-05-10
HH1569,S10569,,V1010,District A,40,M,Secondary,Farming,Employed,15955,48,4,45,2024-05-10
HH1570,S10570,,V1001,District A,39,M,Secondary,Farming,Employed,15137,32,4,45,2024-05-10
HH1571,S10571,,V1002,District A,50,M,Secondary,Farming,Employed,10783,33,4,45,2024-05-10
HH1572,S10572,,V1003,District A,29,M,Secondary,Farming,Employed,12571,30,4,45,2024-05-10
HH1573,S10573,,V1004,District A,22,M,Secondary,Farming,Employed,16290,49,4,45,2024-05-10
HH1574,S10574,,V1005,District A,35,M,Secondary,Farming,Employed,12829,35,4,45,2024-05-10
HH1575,S10575,,V1006,District A,31,M,Secondary,Farming,Employed,27904,49,4,45,2024-05-10
HH1576,S10576,,V1007,District A,38,M,Secondary,Farming,Employed,28227,34,4,45,2024-05-10
HH1577,S10577,,V1008,District A,44,M,Secondary,Farming,Employed,28219,44,4,45,2024-05-10
HH1578,S10578,,V1009,District A,38,M,Secondary,Farming,Employed,14253,34,4,45,2024-05-10
HH1579,S10579,,V1010,District A,37,M,Secondary,Farming,Employed,18956,34,4,45,2024-05-10
HH1580,S10580,,V1001,District A,56,M,Secondary,Farming,Employed,29221,32,4,45,2024-05-10
HH1581,S10581,,V1002,District A,43,M,Secondary,Farming,Employed,28370,32,4,45,2024-05-10
HH1582,S10582,,V1003,District A,57,M,Secondary,Farming,Employed,27074,42,4,45,2024-05-10
HH1583,S10583,,V1004,District A,47,M,Secondary,Farming,Employed,23626,46,4,45,2024-05-10
HH1584,S10584,,V1005,District A,59,M,Secondary,Farming,Employed,16739,39,4,45,2024-05-10
HH1585,S10585,,V1006,District A,43,M,Secondary,Farming,Employed,26088,47,4,45,2024-05-10
HH1586,S10586,,V1007,District A,46,M,Secondary,Farming,Employed,28272,47,4,45,2024-05-10
HH1587,S10587,,V1008,District A,42,M,Secondary,Farming,Employed,29626,34,4,45,2024-05-10
HH1588,S10588,,V1009,District A,41,M,Secondary,Farming,Employed,13214,45,4,45,2024-05-10
HH1589,S10589,,V1010,District A,18,M,Secondary,Farming,Employed,29115,36,4,45,2024-05-10
HH1590,S10590,,V1001,District A,32,M,Secondary,Farming,Employed,28385,38,4,45,2024-05-10
HH1591,S10591,,V1002,District A,59,M,Secondary,Farming,Employed,29204,40,4,45,2024-05-10
HH1592,S10592,,V1003,District A,58,M,Secondary,Farming,Employed,29166,40,4,45,2024-05-10
HH1593,S10593,,V1004,District A,25,M,Secondary,Farming,Employed,22698,43,4,45,2024-05-10
HH1594,S10594,,V1005,District A,54,M,Secondary,Farming,Employed,25003,38,4,45,2024-05-10
HH1595,S10595,,V1006,District A,38,M,Secondary,Farming,Employed,21020,45,4,45,2024-05-10
HH1596,S10596,,V1007,District A,58,M,Secondary,Farming,Employed,10883,31,4,45,2024-05-10
HH1597,S10597,,V1008,District A,46,M,Secondary,Farming,Employed,29083,33,4,45,2024-05-10
HH1598,S10598,,V1009,District A,54,M,Secondary,Farming,Employed,19603,42,4,45,2024-05-10
HH1599,S10599,,V1010,District A,34,M,Secondary,Farming,Employed,12954,39,4,45,2024-05-10
HH1600,S10600,,V1001,District A,56,M,Secondary,Farming,Employed,12485,31,4,45,2024-05-10
HH1601,S10601,,V1002,District A,23,M,Secondary,Farming,Employed,26174,48,4,45,2024-05-10
HH1602,S10602,,V1003,District A,51,M,Secondary,Farming,Employed,24293,36,4,45,2024-05-10
HH1603,S10603,,V1004,District A,41,M,Secondary,Farming,Employed,19969,35,4,45,2024-05-10
HH1604,S10604,,V1005,District A,19,M,Secondary,Farming,Employed,29430,34,4,45,2024-05-10
HH1605,S10605,,V1006,District A,34,M,Secondary,Farming,Employed,15159,39,4,45,2024-05-10
HH1606,S10606,,V1007,District A,38,M,Secondary,Farming,Employed,27165,42,4,45,2024-05-10
HH1607,S10607,,V1008,District A,18,M,Secondary,Farming,Employed,15648,45,4,45,2024-05-10
HH1608,S10608,,V1009,District A,22,M,Secondary,Farming,Employed,29519,39,4,45,2024-05-10
HH1609,S10609,,V1010,District A,37,M,Secondary,Farming,Employed,14497,45,4,45,2024-05-10
HH1610,S10610,,V1001,District A,20,M,Secondary,Farming,Employed,19389,32,4,45,2024-05-10
HH1611,S10611,,V1002,District A,37,M,Secondary,Farming,Employed,26342,47,4,45,2024-05-10
HH1612,S10612,,V1003,District A,24,M,Secondary,Farming,Employed,16116,45,4,45,2024-05-10
HH1613,S10613,,V1004,District A,19,M,Secondary,Farming,Employed,10801,35,4,45,2024-05-10
HH1614,S10614,,V1005,District A,36,M,Secondary,Farming,Employed,15253,35,4,45,2024-05-10
HH1615,S10615,,V1006,District A,28,M,Secondary,Farming,Employed,12276,42,4,45,2024-05-10
HH1616,S10616,,V1007,District A,32,M,Secondary,Farming,Employed,10129,34,4,45,2024-05-10
HH1617,S10617,,V1008,District A,19,M,Secondary,Farming,Employed,15496,36,4,45,2024-05-10
HH1618,S10618,,V1009,District A,49,M,Secondary,Farming,Employed,15760,36,4,45,2024-05-10
HH1619,S10619,,V1010,District A,46,M,Secondary,Farming,Employed,11385,30,4,45,2024-05-10
HH1620,S10620,,V1001,District A,22,M,Secondary,Farming,Employed,17502,39,4,45,2024-05-10
HH1621,S10621,,V1002,District A,26,M,Secondary,Farming,Employed,23328,36,4,45,2024-05-10
HH1622,S10622,,V1003,District A,44,M,Secondary,Farming,Employed,19766,33,4,45,2024-05-10
HH1623,S10623,,V1004,District A,51,M,Secondary,Farming,Employed,13642,43,4,45,2024-05-10
HH1624,S10624,,V1005,District A,53,M,Secondary,Farming,Employed,18787,30,4,45,2024-05-10
HH1625,S10625,,V1006,District A,46,M,Secondary,Farming,Employed,24992,43,4,45,2024-05-10
HH1626,S10626,,V1007,District A,42,M,Secondary,Farming,Employed,16008,42,4,45,2024-05-10
HH1627,S10627,,V1008,District A,44,M,Secondary,Farming,Employed,11292,42,4,45,2024-05-10
HH1628,S10628,,V1009,District A,22,M,Secondary,Farming,Employed,14254,36,4,45,2024-05-10
HH1629,S10629,,V1010,District A,19,M,Secondary,Farming,Employed,11004,44,4,45,2024-05-10
HH1630,S10630,,V1001,District A,27,M,Secondary,Farming,Employed,13237,34,4,45,2024-05-10
HH1631,S10631,,V1002,District A,58,M,Secondary,Farming,Employed,29596,35,4,45,2024-05-10
HH1632,S10632,,V1003,District A,21,M,Secondary,Farming,Employed,12035,45,4,45,2024-05-10
HH1633,S10633,,V1004,District A,52,M,Secondary,Farming,Employed,21299,46,4,45,2024-05-10
HH1634,S10634,,V1005,District A,59,M,Secondary,Farming,Employed,16074,38,4,45,2024-05-10
HH1635,S10635,,V1006,District A,20,M,Secondary,Farming,Employed,17442,39,4,45,2024-05-10
HH1636,S10636,,V1007,District A,28,M,Secondary,Farming,Employed,29107,32,4,45,2024-05-10
HH1637,S10637,,V1008,District A,18,M,Secondary,Farming,Employed,28573,46,4,45,2024-05-10
HH1638,S10638,,V1009,District A,36,M,Secondary,Farming,Employed,12958,41,4,45,2024-05-10
HH1639,S10639,,V1010,District A,38,M,Secondary,Farming,Employed,11926,37,4,45,2024-05-10
HH1640,S10640,,V1001,District A,28,M,Secondary,Farming,Employed,24984,34,4,45,2024-05-10
HH1641,S10641,,V1002,District A,50,M,Secondary,Farming,Employed,21060,36,4,45,2024-05-10
HH1642,S10642,,V1003,District A,52,M,Secondary,Farming,Employed,11952,44,4,45,2024-05-10
HH1643,S10643,,V1004,District A,20,M,Secondary,Farming,Employed,24716,35,4,45,2024-05-10
HH1644,S10644,,V1005,District A,44,M,Secondary,Farming,Employed,17631,41,4,45,2024-05-10
HH1645,S10645,,V1006,District A,51,M,Secondary,Farming,Employed,20323,46,4,45,2024-05-10
HH1646,S10646,,V1007,District A,49,M,Secondary,Farming,Employed,29021,36,4,45,2024-05-10
HH1647,S10647,,V1008,District A,52,M,Secondary,Farming,Employed,12890,36,4,45,2024-05-10
HH1648,S10648,,V1009,District A,30,M,Secondary,Farming,Employed,29152,36,4,45,2024-05-10
HH1649,S10649,,V1010,District A,22,M,Secondary,Farming,Employed,19728,41,4,45,2024-05-10
HH1650,S10650,,V1001,District A,32,M,Secondary,Farming,Employed,12390,39,4,45,2024-05-10
HH1651,S10651,,V1002,District A,32,M,Secondary,Farming,Employed,23914,45,4,45,2024-05-10
HH1652,S10652,,V1003,District A,44,M,Secondary,Farming,Employed,16490,49,4,45,2024-05-10
HH1653,S10653,,V1004,District A,22,M,Secondary,Farming,Employed,22873,41,4,45,2024-05-10
HH1654,S10654,,V1005,District A,20,M,Secondary,Farming,Employed,20990,31,4,45,2024-05-10
HH1655,S10655,,V1006,District A,28,M,Secondary,Farming,Employed,19667,48,4,45,2024-05-10
HH1656,S10656,,V1007,District A,44,M,Secondary,Farming,Employed,27433,41,4,45,2024-05-10
HH1657,S10657,,V1008,District A,34,M,Secondary,Farming,Employed,17600,41,4,45,2024-05-10
HH1658,S10658,,V1009,District A,32,M,Secondary,Farming,Employed,14163,43,4,45,2024-05-10
HH1659,S10659,,V1010,District A,45,M,Secondary,Farming,Employed,12045,43,4,45,2024-05-10
HH1660,S10660,,V1001,District A,43,M,Secondary,Farming,Employed,14730,34,4,45,2024-05-10
HH1661,S10661,,V1002,District A,35,M,Secondary,Farming,Employed,28901,30,4,45,2024-05-10
HH1662,S10662,,V1003,District A,36,M,Secondary,Farming,Employed,13317,36,4,45,2024-05-10
HH1663,S10663,,V1004,District A,35,M,Secondary,Farming,Employed,26916,39,4,45,2024-05-10
HH1664,S10664,,V1005,District A,43,M,Secondary,Farming,Employed,10316,33,4,45,2024-05-10
HH1665,S10665,,V1006,District A,38,M,Secondary,Farming,Employed,17103,41,4,45,2024-05-10
HH1666,S10666,,V1007,District A,28,M,Secondary,Farming,Employed,25820,40,4,45,2024-05-10
HH1667,S10667,,V1008,District A,31,M,Secondary,Farming,Employed,19828,38,4,45,2024-05-10
HH1668,S10668,,V1009,District A,25,M,Secondary,Farming,Employed,17857,46,4,45,2024-05-10
HH1669,S10669,,V1010,District A,43,M,Secondary,Farming,Employed,17366,49,4,45,2024-05-10
HH1670,S10670,,V1001,District A,32,M,Secondary,Farming,Employed,22484,33,4,45,2024-05-10
HH1671,S10671,,V1002,District A,47,M,Secondary,Farming,Employed,16736,46,4,45,2024-05-10
HH1672,S10672,,V1003,District A,21,M,Secondary,Farming,Employed,24591,43,4,45,2024-05-10
HH1673,S10673,,V1004,District A,43,M,Secondary,Farming,Employed,27913,42,4,45,2024-05-10
HH1674,S10674,,V1005,District A,59,M,Secondary,Farming,Employed,20096,36,4,45,2024-05-10
HH1675,S10675,,V1006,District A,41,M,Secondary,Farming,Employed,14144,47,4,45,2024-05-10
HH1676,S10676,,V1007,District A,33,M,Secondary,Farming,Employed,10869,36,4,45,2024-05-10
HH1677,S10677,,V1008,District A,54,M,Secondary,Farming,Employed,11860,40,4,45,2024-05-10
HH1678,S10678,,V1009,District A,42,M,Secondary,Farming,Employed,29263,39,4,45,2024-05-10
HH1679,S10679,,V1010,District A,23,M,Secondary,Farming,Employed,12748,30,4,45,2024-05-10
HH1680,S10680,,V1001,District A,50,M,Secondary,Farming,Employed,26796,34,4,45,2024-05-10
HH1681,S10681,,V1002,District A,19,M,Secondary,Farming,Employed,23792,47,4,45,2024-05-10
HH1682,S10682,,V1003,District A,20,M,Secondary,Farming,Employed,12651,37,4,45,2024-05-10
HH1683,S10683,,V1004,District A,38,M,Secondary,Farming,Employed,15721,40,4,45,2024-05-10
HH1684,S10684,,V1005,District A,20,M,Secondary,Farming,Employed,19679,44,4,45,2024-05-10
HH1685,S10685,,V1006,District A,30,M,Secondary,Farming,Employed,29026,32,4,45,2024-05-10
HH1686,S10686,,V1007,District A,26,M,Secondary,Farming,Employed,23774,47,4,45,2024-05-10
HH1687,S10687,,V1008,District A,28,M,Secondary,Farming,Employed,29401,33,4,45,2024-05-10
HH1688,S10688,,V1009,District A,26,M,Secondary,Farming,Employed,11118,34,4,45,2024-05-10
HH1689,S10689,,V1010,District A,40,M,Secondary,Farming,Employed,16601,30,4,45,2024-05-10
HH1690,S10690,,V1001,District A,49,M,Secondary,Farming,Employed,20824,42,4,45,2024-05-10
HH1691,S10691,,V1002,District A,57,M,Secondary,Farming,Employed,19361,34,4,45,2024-05-10
HH1692,S10692,,V1003,District A,48,M,Secondary,Farming,Employed,28609,37,4,45,2024-05-10
HH1693,S10693,,V1004,District A,39,M,Secondary,Farming,Employed,23886,31,4,45,2024-05-10
HH1694,S10694,,V1005,District A,57,M,Secondary,Farming,Employed,26496,33,4,45,2024-05-10
HH1695,S10695,,V1006,District A,34,M,Secondary,Farming,Employed,15227,32,4,45,2024-05-10
HH1696,S10696,,V1007,District A,31,M,Secondary,Farming,Employed,20706,38,4,45,2024-05-10
HH1697,S10697,,V1008,District A,29,M,Secondary,Farming,Employed,20097,38,4,45,2024-05-10
HH1698,S10698,,V1009,District A,44,M,Secondary,Farming,Employed,20299,35,4,45,2024-05-10
HH1699,S10699,,V1010,District A,19,M,Secondary,Farming,Employed,27494,31,4,45,2024-05-10
HH1700,S10700,,V1001,District A,43,M,Secondary,Farming,Employed,16764,47,4,45,2024-05-10
HH1701,S10701,,V1002,District A,18,M,Secondary,Farming,Employed,16844,41,4,45,2024-05-10
HH1702,S10702,,V1003,District A,21,M,Secondary,Farming,Employed,15545,33,4,45,2024-05-10
HH1703,S10703,,V1004,District A,34,M,Secondary,Farming,Employed,16295,37,4,45,2024-05-10
HH1704,S10704,,V1005,District A,27,M,Secondary,Farming,Employed,23798,46,4,45,2024-05-10
HH1705,S10705,,V1006,District A,44,M,Secondary,Farming,Employed,14682,49,4,45,2024-05-10
HH1706,S10706,,V1007,District A,30,M,Secondary,Farming,Employed,11218,42,4,45,2024-05-10
HH1707,S10707,,V1008,District A,58,M,Secondary,Farming,Employed,14259,49,4,45,2024-05-10
HH1708,S10708,,V1009,District A,55,M,Secondary,Farming,Employed,22471,42,4,45,2024-05-10
HH1709,S10709,,V1010,District A,49,M,Secondary,Farming,Employed,10594,45,4,45,2024-05-10
HH1710,S10710,,V1001,District A,35,M,Secondary,Farming,Employed,13056,42,4,45,2024-05-10
HH1711,S10711,,V1002,District A,37,M,Secondary,Farming,Employed,16645,33,4,45,2024-05-10
HH1712,S10712,,V1003,District A,34,M,Secondary,Farming,Employed,20394,45,4,45,2024-05-10
HH1713,S10713,,V1004,District A,39,M,Secondary,Farming,Employed,28964,48,4,45,2024-05-10
HH1714,S10714,,V1005,District A,18,M,Secondary,Farming,Employed,28774,42,4,45,2024-05-10
HH1715,S10715,,V1006,District A,22,M,Secondary,Farming,Employed,17823,31,4,45,2024-05-10
HH1716,S10716,,V1007,District A,37,M,Secondary,Farming,Employed,12474,38,4,45,2024-05-10
HH1717,S10717,,V1008,District A,57,M,Secondary,Farming,Employed,12826,38,4,45,2024-05-10
HH1718,S10718,,V1009,District A,25,M,Secondary,Farming,Employed,24210,46,4,45,2024-05-10
HH1719,S10719,,V1010,District A,32,M,Secondary,Farming,Employed,28811,37,4,45,2024-05-10
HH1720,S10720,,V1001,District A,40,M,Secondary,Farming,Employed,15111,44,4,45,2024-05-10
HH1721,S10721,,V1002,District A,18,M,Secondary,Farming,Employed,13049,42,4,45,2024-05-10
HH1722,S10722,,V1003,District A,41,M,Secondary,Farming,Employed,11007,41,4,45,2024-05-10
HH1723,S10723,,V1004,District A,48,M,Secondary,Farming,Employed,11902,49,4,45,2024-05-10
HH1724,S10724,,V1005,District A,37,M,Secondary,Farming,Employed,21734,31,4,45,2024-05-10
HH1725,S10725,,V1006,District A,23,M,Secondary,Farming,Employed,25330,31,4,45,2024-05-10
HH1726,S10726,,V1007,District A,59,M,Secondary,Farming,Employed,23229,32,4,45,2024-05-10
HH1727,S10727,,V1008,District A,44,M,Secondary,Farming,Employed,17606,32,4,45,2024-05-10
HH1728,S10728,,V1009,District A,47,M,Secondary,Farming,Employed,15769,37,4,45,2024-05-10
HH1729,S10729,,V1010,District A,47,M,Secondary,Farming,Employed,27340,41,4,45,2024-05-10
HH1730,S10730,,V1001,District A,46,M,Secondary,Farming,Employed,19422,33,4,45,2024-05-10
HH1731,S10731,,V1002,District A,59,M,Secondary,Farming,Employed,12651,35,4,45,2024-05-10
HH1732,S10732,,V1003,District A,42,M,Secondary,Farming,Employed,17611,36,4,45,2024-05-10
HH1733,S10733,,V1004,District A,28,M,Secondary,Farming,Employed,26834,48,4,45,2024-05-10
HH1734,S10734,,V1005,District A,22,M,Secondary,Farming,Employed,14236,47,4,45,2024-05-10
HH1735,S10735,,V1006,District A,35,M,Secondary,Farming,Employed,23301,38,4,45,2024-05-10
HH1736,S10736,,V1007,District A,45,M,Secondary,Farming,Employed,21361,41,4,45,2024-05-10
HH1737,S10737,,V1008,District A,19,M,Secondary,Farming,Employed,10732,34,4,45,2024-05-10
HH1738,S10738,,V1009,District A,26,M,Secondary,Farming,Employed,18813,33,4,45,2024-05-10
HH1739,S10739,,V1010,District A,28,M,Secondary,Farming,Employed,12991,41,4,45,2024-05-10
HH1740,S10740,,V1001,District A,24,M,Secondary,Farming,Employed,21602,48,4,45,2024-05-10
HH1741,S10741,,V1002,District A,58,M,Secondary,Farming,Employed,15560,43,4,45,2024-05-10
HH1742,S10742,,V1003,District A,58,M,Secondary,Farming,Employed,11058,41,4,45,2024-05-10
HH1743,S10743,,V1004,District A,41,M,Secondary,Farming,Employed,26849,40,4,45,2024-05-10
HH1744,S10744,,V1005,District A,26,M,Secondary,Farming,Employed,26767,31,4,45,2024-05-10
HH1745,S10745,,V1006,District A,59,M,Secondary,Farming,Employed,10476,44,4,45,2024-05-10
HH1746,S10746,,V1007,District A,38,M,Secondary,Farming,Employed,10364,39,4,45,2024-05-10
HH1747,S10747,,V1008,District A,54,M,Secondary,Farming,Employed,24123,43,4,45,2024-05-10
HH1748,S10748,,V1009,District A,18,M,Secondary,Farming,Employed,26890,44,4,45,2024-05-10
HH1749,S10749,,V1010,District A,54,M,Secondary,Farming,Employed,21560,30,4,45,2024-05-10
HH1750,S10750,,V1001,District A,35,M,Secondary,Farming,Employed,25838,30,4,45,2024-05-10
HH1751,S10751,,V1002,District A,19,M,Secondary,Farming,Employed,11000,36,4,45,2024-05-10
HH1752,S10752,,V1003,District A,27,M,Secondary,Farming,Employed,19904,35,4,45,2024-05-10
HH1753,S10753,,V1004,District A,38,M,Secondary,Farming,Employed,21701,43,4,45,2024-05-10
HH1754,S10754,,V1005,District A,25,M,Secondary,Farming,Employed,12928,38,4,45,2024-05-10
HH1755,S10755,,V1006,District A,51,M,Secondary,Farming,Employed,27802,41,4,45,2024-05-10
HH1756,S10756,,V1007,District A,54,M,Secondary,Farming,Employed,23589,31,4,45,2024-05-10
HH1757,S10757,,V1008,District A,25,M,Secondary,Farming,Employed,19938,34,4,45,2024-05-10
HH1758,S10758,,V1009,District A,45,M,Secondary,Farming,Employed,12246,38,4,45,2024-05-10
HH1759,S10759,,V1010,District A,33,M,Secondary,Farming,Employed,18578,32,4,45,2024-05-10
HH1760,S10760,,V1001,District A,23,M,Secondary,Farming,Employed,19130,34,4,45,2024-05-10
HH1761,S10761,,V1002,District A,31,M,Secondary,Farming,Employed,27891,34,4,45,2024-05-10
HH1762,S10762,,V1003,District A,46,M,Secondary,Farming,Employed,28435,33,4,45,2024-05-10
HH1763,S10763,,V1004,District A,43,M,Secondary,Farming,Employed,17785,44,4,45,2024-05-10
HH1764,S10764,,V1005,District A,30,M,Secondary,Farming,Employed,24673,45,4,45,2024-05-10
HH1765,S10765,,V1006,District A,32,M,Secondary,Farming,Employed,13918,47,4,45,2024-05-10
HH1766,S10766,,V1007,District A,23,M,Secondary,Farming,Employed,18920,41,4,45,2024-05-10
HH1767,S10767,,V1008,District A,42,M,Secondary,Farming,Employed,23723,44,4,45,2024-05-10
HH1768,S10768,,V1009,District A,24,M,Secondary,Farming,Employed,23513,43,4,45,2024-05-10
HH1769,S10769,,V1010,District A,55,M,Secondary,Farming,Employed,15690,41,4,45,2024-05-10
HH1770,S10770,,V1001,District A,30,M,Secondary,Farming,Employed,15020,43,4,45,2024-05-10
HH1771,S10771,,V1002,District A,53,M,Secondary,Farming,Employed,14411,46,4,45,2024-05-10
HH1772,S10772,,V1003,District A,28,M,Secondary,Farming,Employed,22484,44,4,45,2024-05-10
HH1773,S10773,,V1004,District A,32,M,Secondary,Farming,Employed,27277,40,4,45,2024-05-10
HH1774,S10774,,V1005,District A,32,M,Secondary,Farming,Employed,28444,37,4,45,2024-05-10
HH1775,S10775,,V1006,District A,50,M,Secondary,Farming,Employed,24375,49,4,45,2024-05-10
HH1776,S10776,,V1007,District A,59,M,Secondary,Farming,Employed,18205,44,4,45,2024-05-10
HH1777,S10777,,V1008,District A,25,M,Secondary,Farming,Employed,20728,47,4,45,2024-05-10
HH1778,S10778,,V1009,District A,40,M,Secondary,Farming,Employed,15132,43,4,45,2024-05-10
HH1779,S10779,,V1010,District A,22,M,Secondary,Farming,Employed,16448,42,4,45,2024-05-10
HH1780,S10780,,V1001,District A,45,M,Secondary,Farming,Employed,10112,34,4,45,2024-05-10
HH1781,S10781,,V1002,District A,40,M,Secondary,Farming,Employed,15622,41,4,45,2024-05-10
HH1782,S10782,,V1003,District A,30,M,Secondary,Farming,Employed,25944,48,4,45,2024-05-10
HH1783,S10783,,V1004,District A,41,M,Secondary,Farming,Employed,14418,34,4,45,2024-05-10
HH1784,S10784,,V1005,District A,30,M,Secondary,Farming,Employed,22416,35,4,45,2024-05-10
HH1785,S10785,,V1006,District A,52,M,Secondary,Farming,Employed,18309,45,4,45,2024-05-10
HH1786,S10786,,V1007,District A,53,M,Secondary,Farming,Employed,25114,40,4,45,2024-05-10
HH1787,S10787,,V1008,District A,22,M,Secondary,Farming,Employed,26284,33,4,45,2024-05-10
HH1788,S10788,,V1009,District A,37,M,Secondary,Farming,Employed,23881,44,4,45,2024-05-10
HH1789,S10789,,V1010,District A,23,M,Secondary,Farming,Employed,13606,32,4,45,2024-05-10
HH1790,S10790,,V1001,District A,52,M,Secondary,Farming,Employed,23720,49,4,45,2024-05-10
HH1791,S10791,,V1002,District A,51,M,Secondary,Farming,Employed,11650,43,4,45,2024-05-10
HH1792,S10792,,V1003,District A,33,M,Secondary,Farming,Employed,12237,31,4,45,2024-05-10
HH1793,S10793,,V1004,District A,41,M,Secondary,Farming,Employed,28819,34,4,45,2024-05-10
HH1794,S10794,,V1005,District A,38,M,Secondary,Farming,Employed,26655,43,4,45,2024-05-10
HH1795,S10795,,V1006,District A,41,M,Secondary,Farming,Employed,12619,38,4,45,2024-05-10
HH1796,S10796,,V1007,District A,21,M,Secondary,Farming,Employed,20595,33,4,45,2024-05-10
HH1797,S10797,,V1008,District A,22,M,Secondary,Farming,Employed,24549,37,4,45,2024-05-10
HH1798,S10798,,V1009,District A,20,M,Secondary,Farming,Employed,22403,33,4,45,2024-05-10
HH1799,S10799,,V1010,District A,55,M,Secondary,Farming,Employed,18533,33,4,45,2024-05-10
HH1800,S10800,,V1001,District A,34,M,Secondary,Farming,Employed,16339,37,4,45,2024-05-10
HH1801,S10801,,V1002,District A,5,M,None,Unemployed,Unemployed,900000,100,1,10,2024-05-10
HH1802,S10802,,V1003,District A,5,M,None,Unemployed,Unemployed,900000,100,1,10,2024-05-10
HH1803,S10803,,V1004,District A,5,M,None,Unemployed,Unemployed,900000,100,1,10,2024-05-10
HH1804,S10804,,V1005,District A,5,M,None,Unemployed,Unemployed,900000,100,1,10,2024-05-10
HH1805,S10805,,V1006,District A,5,M,None,Unemployed,Unemployed,900000,100,1,10,2024-05-10
HH1806,S10806,,V1007,District A,5,M,None,Unemployed,Unemployed,900000,100,1,10,2024-05-10
HH1807,S10807,,V1008,District A,5,M,None,Unemployed,Unemployed,900000,100,1,10,2024-05-10
HH1808,S10808,,V1009,District A,5,M,None,Unemployed,Unemployed,900000,100,1,10,2024-05-10
HH1809,S10809,,V1010,District A,5,M,None,Unemployed,Unemployed,900000,100,1,10,2024-05-10
HH1810,S10810,,V1001,District A,5,M,None,Unemployed,Unemployed,900000,100,1,10,2024-05-10
HH1811,S10811,,V1002,District A,5,M,None,Unemployed,Unemployed,900000,100,1,10,2024-05-10
HH1812,S10812,,V1003,District A,5,M,None,Unemployed,Unemployed,900000,100,1,10,2024-05-10
HH1813,S10813,,V1004,District A,5,M,None,Unemployed,Unemployed,900000,100,1,10,2024-05-10
HH1814,S10814,,V1005,District A,5,M,None,Unemployed,Unemployed,900000,100,1,10,2024-05-10
HH1815,S10815,,V1006,District A,5,M,None,Unemployed,Unemployed,900000,100,1,10,2024-05-10
HH1816,S10816,,V1007,District A,5,M,None,Unemployed,Unemployed,900000,100,1,10,2024-05-10
HH1817,S10817,,V1008,District A,5,M,None,Unemployed,Unemployed,900000,100,1,10,2024-05-10
HH1818,S10818,,V1009,District A,5,M,None,Unemployed,Unemployed,900000,100,1,10,2024-05-10
HH1819,S10819,,V1010,District A,5,M,None,Unemployed,Unemployed,900000,100,1,10,2024-05-10
HH1820,S10820,,V1001,District A,5,M,None,Unemployed,Unemployed,900000,100,1,10,2024-05-10
HH1821,S10821,,V1002,District A,5,M,None,Unemployed,Unemployed,900000,100,1,10,2024-05-10
HH1822,S10822,,V1003,District A,5,M,None,Unemployed,Unemployed,900000,100,1,10,2024-05-10
HH1823,S10823,,V1004,District A,5,M,None,Unemployed,Unemployed,900000,100,1,10,2024-05-10
HH1824,S10824,,V1005,District A,5,M,None,Unemployed,Unemployed,900000,100,1,10,2024-05-10
HH1825,S10825,,V1006,District A,5,M,None,Unemployed,Unemployed,900000,100,1,10,2024-05-10
HH1826,S10826,,V1007,District A,5,M,None,Unemployed,Unemployed,900000,100,1,10,2024-05-10
HH1827,S10827,,V1008,District A,5,M,None,Unemployed,Unemployed,900000,100,1,10,2024-05-10
HH1828,S10828,,V1009,District A,5,M,None,Unemployed,Unemployed,900000,100,1,10,2024-05-10
HH1829,S10829,,V1010,District A,5,M,None,Unemployed,Unemployed,900000,100,1,10,2024-05-10
HH1830,S10830,,V1001,District A,5,M,None,Unemployed,Unemployed,900000,100,1,10,2024-05-10
HH1831,S10831,,V1002,District A,5,M,None,Unemployed,Unemployed,900000,100,1,10,2024-05-10
HH1832,S10832,,V1003,District A,5,M,None,Unemployed,Unemployed,900000,100,1,10,2024-05-10
HH1833,S10833,,V1004,District A,5,M,None,Unemployed,Unemployed,900000,100,1,10,2024-05-10
HH1834,S10834,,V1005,District A,5,M,None,Unemployed,Unemployed,900000,100,1,10,2024-05-10
HH1835,S10835,,V1006,District A,5,M,None,Unemployed,Unemployed,900000,100,1,10,2024-05-10
HH1836,S10836,,V1007,District A,5,M,None,Unemployed,Unemployed,900000,100,1,10,2024-05-10
HH1837,S10837,,V1008,District A,5,M,None,Unemployed,Unemployed,900000,100,1,10,2024-05-10
HH1838,S10838,,V1009,District A,5,M,None,Unemployed,Unemployed,900000,100,1,10,2024-05-10
HH1839,S10839,,V1010,District A,5,M,None,Unemployed,Unemployed,900000,100,1,10,2024-05-10
HH1840,S10840,,V1001,District A,5,M,None,Unemployed,Unemployed,900000,100,1,10,2024-05-10
HH1841,S10841,,V1002,District A,5,M,None,Unemployed,Unemployed,900000,100,1,10,2024-05-10
HH1842,S10842,,V1003,District A,5,M,None,Unemployed,Unemployed,900000,100,1,10,2024-05-10
HH1843,S10843,,V1004,District A,5,M,None,Unemployed,Unemployed,900000,100,1,10,2024-05-10
HH1844,S10844,,V1005,District A,5,M,None,Unemployed,Unemployed,900000,100,1,10,2024-05-10
HH1845,S10845,,V1006,District A,5,M,None,Unemployed,Unemployed,900000,100,1,10,2024-05-10
HH1846,S10846,,V1007,District A,5,M,None,Unemployed,Unemployed,900000,100,1,10,2024-05-10
HH1847,S10847,,V1008,District A,5,M,None,Unemployed,Unemployed,900000,100,1,10,2024-05-10
HH1848,S10848,,V1009,District A,5,M,None,Unemployed,Unemployed,900000,100,1,10,2024-05-10
HH1849,S10849,,V1010,District A,5,M,None,Unemployed,Unemployed,900000,100,1,10,2024-05-10
HH1850,S10850,,V1001,District A,5,M,None,Unemployed,Unemployed,900000,100,1,10,2024-05-10
HH1851,S10851,,V1002,District A,5,M,None,Unemployed,Unemployed,900000,100,1,10,2024-05-10
HH1852,S10852,,V1003,District A,5,M,None,Unemployed,Unemployed,900000,100,1,10,2024-05-10
HH1853,S10853,,V1004,District A,5,M,None,Unemployed,Unemployed,900000,100,1,10,2024-05-10
HH1854,S10854,,V1005,District A,5,M,None,Unemployed,Unemployed,900000,100,1,10,2024-05-10
HH1855,S10855,,V1006,District A,5,M,None,Unemployed,Unemployed,900000,100,1,10,2024-05-10
HH1856,S10856,,V1007,District A,5,M,None,Unemployed,Unemployed,900000,100,1,10,2024-05-10
HH1857,S10857,,V1008,District A,5,M,None,Unemployed,Unemployed,900000,100,1,10,2024-05-10
HH1858,S10858,,V1009,District A,5,M,None,Unemployed,Unemployed,900000,100,1,10,2024-05-10
HH1859,S10859,,V1010,District A,5,M,None,Unemployed,Unemployed,900000,100,1,10,2024-05-10
HH1860,S10860,,V1001,District A,5,M,None,Unemployed,Unemployed,900000,100,1,10,2024-05-10
HH1861,S10861,,V1002,District A,5,M,None,Unemployed,Unemployed,900000,100,1,10,2024-05-10
HH1862,S10862,,V1003,District A,5,M,None,Unemployed,Unemployed,900000,100,1,10,2024-05-10
HH1863,S10863,,V1004,District A,5,M,None,Unemployed,Unemployed,900000,100,1,10,2024-05-10
HH1864,S10864,,V1005,District A,5,M,None,Unemployed,Unemployed,900000,100,1,10,2024-05-10
HH1865,S10865,,V1006,District A,5,M,None,Unemployed,Unemployed,900000,100,1,10,2024-05-10
HH1866,S10866,,V1007,District A,5,M,None,Unemployed,Unemployed,900000,100,1,10,2024-05-10
HH1867,S10867,,V1008,District A,5,M,None,Unemployed,Unemployed,900000,100,1,10,2024-05-10
HH1868,S10868,,V1009,District A,5,M,None,Unemployed,Unemployed,900000,100,1,10,2024-05-10
HH1869,S10869,,V1010,District A,5,M,None,Unemployed,Unemployed,900000,100,1,10,2024-05-10
HH1870,S10870,,V1001,District A,5,M,None,Unemployed,Unemployed,900000,100,1,10,2024-05-10
HH1871,S10871,,V1002,District A,5,M,None,Unemployed,Unemployed,900000,100,1,10,2024-05-10
HH1872,S10872,,V1003,District A,5,M,None,Unemployed,Unemployed,900000,100,1,10,2024-05-10
HH1873,S10873,,V1004,District A,5,M,None,Unemployed,Unemployed,900000,100,1,10,2024-05-10
HH1874,S10874,,V1005,District A,5,M,None,Unemployed,Unemployed,900000,100,1,10,2024-05-10
HH1875,S10875,,V1006,District A,5,M,None,Unemployed,Unemployed,900000,100,1,10,2024-05-10
HH1876,S10876,,V1007,District A,5,M,None,Unemployed,Unemployed,900000,100,1,10,2024-05-10
HH1877,S10877,,V1008,District A,5,M,None,Unemployed,Unemployed,900000,100,1,10,2024-05-10
HH1878,S10878,,V1009,District A,5,M,None,Unemployed,Unemployed,900000,100,1,10,2024-05-10
HH1879,S10879,,V1010,District A,5,M,None,Unemployed,Unemployed,900000,100,1,10,2024-05-10
HH1880,S10880,,V1001,District A,5,M,None,Unemployed,Unemployed,900000,100,1,10,2024-05-10
HH1881,S10881,,V1002,District A,5,M,None,Unemployed,Unemployed,900000,100,1,10,2024-05-10
HH1882,S10882,,V1003,District A,5,M,None,Unemployed,Unemployed,900000,100,1,10,2024-05-10
HH1883,S10883,,V1004,District A,5,M,None,Unemployed,Unemployed,900000,100,1,10,2024-05-10
HH1884,S10884,,V1005,District A,5,M,None,Unemployed,Unemployed,900000,100,1,10,2024-05-10
HH1885,S10885,,V1006,District A,5,M,None,Unemployed,Unemployed,900000,100,1,10,2024-05-10
HH1886,S10886,,V1007,District A,5,M,None,Unemployed,Unemployed,900000,100,1,10,2024-05-10
HH1887,S10887,,V1008,District A,5,M,None,Unemployed,Unemployed,900000,100,1,10,2024-05-10
HH1888,S10888,,V1009,District A,5,M,None,Unemployed,Unemployed,900000,100,1,10,2024-05-10
HH1889,S10889,,V1010,District A,5,M,None,Unemployed,Unemployed,900000,100,1,10,2024-05-10
HH1890,S10890,,V1001,District A,5,M,None,Unemployed,Unemployed,900000,100,1,10,2024-05-10
HH1891,S10891,,V1002,District A,5,M,None,Unemployed,Unemployed,900000,100,1,10,2024-05-10
HH1892,S10892,,V1003,District A,5,M,None,Unemployed,Unemployed,900000,100,1,10,2024-05-10
HH1893,S10893,,V1004,District A,5,M,None,Unemployed,Unemployed,900000,100,1,10,2024-05-10
HH1894,S10894,,V1005,District A,5,M,None,Unemployed,Unemployed,900000,100,1,10,2024-05-10
HH1895,S10895,,V1006,District A,5,M,None,Unemployed,Unemployed,900000,100,1,10,2024-05-10
HH1896,S10896,,V1007,District A,5,M,None,Unemployed,Unemployed,900000,100,1,10,2024-05-10
HH1897,S10897,,V1008,District A,5,M,None,Unemployed,Unemployed,900000,100,1,10,2024-05-10
HH1898,S10898,,V1009,District A,5,M,None,Unemployed,Unemployed,900000,100,1,10,2024-05-10
HH1899,S10899,,V1010,District A,5,M,None,Unemployed,Unemployed,900000,100,1,10,2024-05-10
HH1900,S10900,,V1001,District A,5,M,None,Unemployed,Unemployed,900000,100,1,10,2024-05-10
HH1901,S10901,,V1002,District A,5,M,None,Unemployed,Unemployed,900000,100,1,10,2024-05-10
HH1902,S10902,,V1003,District A,5,M,None,Unemployed,Unemployed,900000,100,1,10,2024-05-10
HH1903,S10903,,V1004,District A,5,M,None,Unemployed,Unemployed,900000,100,1,10,2024-05-10
HH1904,S10904,,V1005,District A,5,M,None,Unemployed,Unemployed,900000,100,1,10,2024-05-10
HH1905,S10905,,V1006,District A,5,M,None,Unemployed,Unemployed,900000,100,1,10,2024-05-10
HH1906,S10906,,V1007,District A,5,M,None,Unemployed,Unemployed,900000,100,1,10,2024-05-10
HH1907,S10907,,V1008,District A,5,M,None,Unemployed,Unemployed,900000,100,1,10,2024-05-10
HH1908,S10908,,V1009,District A,5,M,None,Unemployed,Unemployed,900000,100,1,10,2024-05-10
HH1909,S10909,,V1010,District A,5,M,None,Unemployed,Unemployed,900000,100,1,10,2024-05-10
HH1910,S10910,,V1001,District A,5,M,None,Unemployed,Unemployed,900000,100,1,10,2024-05-10
HH1911,S10911,,V1002,District A,5,M,None,Unemployed,Unemployed,900000,100,1,10,2024-05-10
HH1912,S10912,,V1003,District A,5,M,None,Unemployed,Unemployed,900000,100,1,10,2024-05-10
HH1913,S10913,,V1004,District A,5,M,None,Unemployed,Unemployed,900000,100,1,10,2024-05-10
HH1914,S10914,,V1005,District A,5,M,None,Unemployed,Unemployed,900000,100,1,10,2024-05-10
HH1915,S10915,,V1006,District A,5,M,None,Unemployed,Unemployed,900000,100,1,10,2024-05-10
HH1916,S10916,,V1007,District A,5,M,None,Unemployed,Unemployed,900000,100,1,10,2024-05-10
HH1917,S10917,,V1008,District A,5,M,None,Unemployed,Unemployed,900000,100,1,10,2024-05-10
HH1918,S10918,,V1009,District A,5,M,None,Unemployed,Unemployed,900000,100,1,10,2024-05-10
HH1919,S10919,,V1010,District A,5,M,None,Unemployed,Unemployed,900000,100,1,10,2024-05-10
HH1920,S10920,,V1001,District A,5,M,None,Unemployed,Unemployed,900000,100,1,10,2024-05-10
HH1921,S10921,,V1002,District A,5,M,None,Unemployed,Unemployed,900000,100,1,10,2024-05-10
HH1922,S10922,,V1003,District A,5,M,None,Unemployed,Unemployed,900000,100,1,10,2024-05-10
HH1923,S10923,,V1004,District A,5,M,None,Unemployed,Unemployed,900000,100,1,10,2024-05-10
HH1924,S10924,,V1005,District A,5,M,None,Unemployed,Unemployed,900000,100,1,10,2024-05-10
HH1925,S10925,,V1006,District A,5,M,None,Unemployed,Unemployed,900000,100,1,10,2024-05-10
HH1926,S10926,,V1007,District A,5,M,None,Unemployed,Unemployed,900000,100,1,10,2024-05-10
HH1927,S10927,,V1008,District A,5,M,None,Unemployed,Unemployed,900000,100,1,10,2024-05-10
HH1928,S10928,,V1009,District A,5,M,None,Unemployed,Unemployed,900000,100,1,10,2024-05-10
HH1929,S10929,,V1010,District A,5,M,None,Unemployed,Unemployed,900000,100,1,10,2024-05-10
HH1930,S10930,,V1001,District A,5,M,None,Unemployed,Unemployed,900000,100,1,10,2024-05-10
HH1931,S10931,,V1002,District A,5,M,None,Unemployed,Unemployed,900000,100,1,10,2024-05-10
HH1932,S10932,,V1003,District A,5,M,None,Unemployed,Unemployed,900000,100,1,10,2024-05-10
HH1933,S10933,,V1004,District A,5,M,None,Unemployed,Unemployed,900000,100,1,10,2024-05-10
HH1934,S10934,,V1005,District A,5,M,None,Unemployed,Unemployed,900000,100,1,10,2024-05-10
HH1935,S10935,,V1006,District A,5,M,None,Unemployed,Unemployed,900000,100,1,10,2024-05-10
HH1936,S10936,,V1007,District A,5,M,None,Unemployed,Unemployed,900000,100,1,10,2024-05-10
HH1937,S10937,,V1008,District A,5,M,None,Unemployed,Unemployed,900000,100,1,10,2024-05-10
HH1938,S10938,,V1009,District A,5,M,None,Unemployed,Unemployed,900000,100,1,10,2024-05-10
HH1939,S10939,,V1010,District A,5,M,None,Unemployed,Unemployed,900000,100,1,10,2024-05-10
HH1940,S10940,,V1001,District A,5,M,None,Unemployed,Unemployed,900000,100,1,10,2024-05-10
HH1941,S10941,,V1002,District A,5,M,None,Unemployed,Unemployed,900000,100,1,10,2024-05-10
HH1942,S10942,,V1003,District A,5,M,None,Unemployed,Unemployed,900000,100,1,10,2024-05-10
HH1943,S10943,,V1004,District A,5,M,None,Unemployed,Unemployed,900000,100,1,10,2024-05-10
HH1944,S10944,,V1005,District A,5,M,None,Unemployed,Unemployed,900000,100,1,10,2024-05-10
HH1945,S10945,,V1006,District A,5,M,None,Unemployed,Unemployed,900000,100,1,10,2024-05-10
HH1946,S10946,,V1007,District A,5,M,None,Unemployed,Unemployed,900000,100,1,10,2024-05-10
HH1947,S10947,,V1008,District A,5,M,None,Unemployed,Unemployed,900000,100,1,10,2024-05-10
HH1948,S10948,,V1009,District A,5,M,None,Unemployed,Unemployed,900000,100,1,10,2024-05-10
HH1949,S10949,,V1010,District A,5,M,None,Unemployed,Unemployed,900000,100,1,10,2024-05-10
HH1950,S10950,,V1001,District A,5,M,None,Unemployed,Unemployed,900000,100,1,10,2024-05-10
HH1951,S10951,,V1002,District A,5,M,None,Unemployed,Unemployed,900000,100,1,10,2024-05-10
HH1952,S10952,,V1003,District A,5,M,None,Unemployed,Unemployed,900000,100,1,10,2024-05-10
HH1953,S10953,,V1004,District A,5,M,None,Unemployed,Unemployed,900000,100,1,10,2024-05-10
HH1954,S10954,,V1005,District A,5,M,None,Unemployed,Unemployed,900000,100,1,10,2024-05-10
HH1955,S10955,,V1006,District A,5,M,None,Unemployed,Unemployed,900000,100,1,10,2024-05-10
HH1956,S10956,,V1007,District A,5,M,None,Unemployed,Unemployed,900000,100,1,10,2024-05-10
HH1957,S10957,,V1008,District A,5,M,None,Unemployed,Unemployed,900000,100,1,10,2024-05-10
HH1958,S10958,,V1009,District A,5,M,None,Unemployed,Unemployed,900000,100,1,10,2024-05-10
HH1959,S10959,,V1010,District A,5,M,None,Unemployed,Unemployed,900000,100,1,10,2024-05-10
HH1960,S10960,,V1001,District A,5,M,None,Unemployed,Unemployed,900000,100,1,10,2024-05-10
HH1961,S10961,,V1002,District A,5,M,None,Unemployed,Unemployed,900000,100,1,10,2024-05-10
HH1962,S10962,,V1003,District A,5,M,None,Unemployed,Unemployed,900000,100,1,10,2024-05-10
HH1963,S10963,,V1004,District A,5,M,None,Unemployed,Unemployed,900000,100,1,10,2024-05-10
HH1964,S10964,,V1005,District A,5,M,None,Unemployed,Unemployed,900000,100,1,10,2024-05-10
HH1965,S10965,,V1006,District A,5,M,None,Unemployed,Unemployed,900000,100,1,10,2024-05-10
HH1966,S10966,,V1007,District A,5,M,None,Unemployed,Unemployed,900000,100,1,10,2024-05-10
HH1967,S10967,,V1008,District A,5,M,None,Unemployed,Unemployed,900000,100,1,10,2024-05-10
HH1968,S10968,,V1009,District A,5,M,None,Unemployed,Unemployed,900000,100,1,10,2024-05-10
HH1969,S10969,,V1010,District A,5,M,None,Unemployed,Unemployed,900000,100,1,10,2024-05-10
HH1970,S10970,,V1001,District A,5,M,None,Unemployed,Unemployed,900000,100,1,10,2024-05-10
HH1971,S10971,,V1002,District A,5,M,None,Unemployed,Unemployed,900000,100,1,10,2024-05-10
HH1972,S10972,,V1003,District A,5,M,None,Unemployed,Unemployed,900000,100,1,10,2024-05-10
HH1973,S10973,,V1004,District A,5,M,None,Unemployed,Unemployed,900000,100,1,10,2024-05-10
HH1974,S10974,,V1005,District A,5,M,None,Unemployed,Unemployed,900000,100,1,10,2024-05-10
HH1975,S10975,,V1006,District A,5,M,None,Unemployed,Unemployed,900000,100,1,10,2024-05-10
HH1976,S10976,,V1007,District A,5,M,None,Unemployed,Unemployed,900000,100,1,10,2024-05-10
HH1977,S10977,,V1008,District A,5,M,None,Unemployed,Unemployed,900000,100,1,10,2024-05-10
HH1978,S10978,,V1009,District A,5,M,None,Unemployed,Unemployed,900000,100,1,10,2024-05-10
HH1979,S10979,,V1010,District A,5,M,None,Unemployed,Unemployed,900000,100,1,10,2024-05-10
HH1980,S10980,,V1001,District A,5,M,None,Unemployed,Unemployed,900000,100,1,10,2024-05-10
HH1981,S10981,,V1002,District A,5,M,None,Unemployed,Unemployed,900000,100,1,10,2024-05-10
HH1982,S10982,,V1003,District A,5,M,None,Unemployed,Unemployed,900000,100,1,10,2024-05-10
HH1983,S10983,,V1004,District A,5,M,None,Unemployed,Unemployed,900000,100,1,10,2024-05-10
HH1984,S10984,,V1005,District A,5,M,None,Unemployed,Unemployed,900000,100,1,10,2024-05-10
HH1985,S10985,,V1006,District A,5,M,None,Unemployed,Unemployed,900000,100,1,10,2024-05-10
HH1986,S10986,,V1007,District A,5,M,None,Unemployed,Unemployed,900000,100,1,10,2024-05-10
HH1987,S10987,,V1008,District A,5,M,None,Unemployed,Unemployed,900000,100,1,10,2024-05-10
HH1988,S10988,,V1009,District A,5,M,None,Unemployed,Unemployed,900000,100,1,10,2024-05-10
HH1989,S10989,,V1010,District A,5,M,None,Unemployed,Unemployed,900000,100,1,10,2024-05-10
HH1990,S10990,,V1001,District A,5,M,None,Unemployed,Unemployed,900000,100,1,10,2024-05-10
HH1991,S10991,,V1002,District A,5,M,None,Unemployed,Unemployed,900000,100,1,10,2024-05-10
HH1992,S10992,,V1003,District A,5,M,None,Unemployed,Unemployed,900000,100,1,10,2024-05-10
HH1993,S10993,,V1004,District A,5,M,None,Unemployed,Unemployed,900000,100,1,10,2024-05-10
HH1994,S10994,,V1005,District A,5,M,None,Unemployed,Unemployed,900000,100,1,10,2024-05-10
HH1995,S10995,,V1006,District A,5,M,None,Unemployed,Unemployed,900000,100,1,10,2024-05-10
HH1996,S10996,,V1007,District A,5,M,None,Unemployed,Unemployed,900000,100,1,10,2024-05-10
HH1997,S10997,,V1008,District A,5,M,None,Unemployed,Unemployed,900000,100,1,10,2024-05-10
HH1998,S10998,,V1009,District A,5,M,None,Unemployed,Unemployed,900000,100,1,10,2024-05-10
HH1999,S10999,,V1010,District A,5,M,None,Unemployed,Unemployed,900000,100,1,10,2024-05-10
HH2000,S11000,,V1001,District A,5,M,None,Unemployed,Unemployed,900000,100,1,10,2024-05-10